drug_id,smiles
D00004,O=C=O
D00002,NC(=O)c1ccc[n+]([C@@H]2O[C@H](COP(=O)(O)OP(=O)(O)OC[C@H]3O[C@@H](n4cnc5c(N)ncnc54)[C@H](O)[C@@H]3O)[C@@H](O)[C@H]2O)c1
D00005,Cc1cc2nc3c(=O)[nH]c(=O)nc-3n(C[C@H](O)[C@H](O)[C@H](O)COP(=O)(O)OP(=O)(O)OC[C@H]3O[C@@H](n4cnc5c(N)ncnc54)[C@H](O)[C@@H]3O)c2cc1C
D00003,O=O
D00001,O
D00006,Cc1ncc(COP(=O)(O)O)c(C=O)c1O.O
D00007,N[C@@H](CCC(=O)O)C(=O)O
D00009,OC[C@H]1OC(O)[C@H](O)[C@@H](O)[C@@H]1O
D00008,OO
D00010,CC(=O)O
D00011,NCC(=O)O
D00013,N[C@@H](CC(=O)O)C(=O)O
D00012,C[C@H](N)C(=O)O
D00014,N[C@@H](CCC(=O)N[C@@H](CS)C(=O)NCC(=O)O)C(=O)O
D00015,NC(=O)CC[C@H](N)C(=O)O
D00016,N[C@@H](CO)C(=O)O
D00019,CSCC[C@H](N)C(=O)O
D00017,C=O
D00018,O=C1O[C@H]([C@@H](O)CO)C(O)=C1O
D00020,N[C@@H](Cc1c[nH]c2ccccc12)C(=O)O
D00021,N[C@@H](Cc1ccccc1)C(=O)O
D00023,NC(N)=O
D00022,N[C@@H](Cc1ccc(O)cc1)C(=O)O
D00024,[S]
D00025,OC[C@H]1O[C@@](CO)(O[C@H]2O[C@H](CO)[C@@H](O)[C@H](O)[C@H]2O)[C@@H](O)[C@@H]1O
D00026,N[C@@H](CS)C(=O)O
D00028,OCC(O)CO
D00029,O=C(O)CCCC[C@@H]1SC[C@@H]2NC(=O)N[C@@H]21
D00027,O=c1cc[nH]c(=O)[nH]1
D00030,CC(C)C[C@H](N)C(=O)O
D00031,N[C@@H](CCC(=O)N[C@@H](CSSC[C@H](NC(=O)CC[C@H](N)C(=O)O)C(=O)NCC(=O)O)C(=O)NCC(=O)O)C(=O)O
D00032,N[C@@H](Cc1c[nH]cn1)C(=O)O
D00033,Oc1ccccc1
D00034,Nc1ncnc2[nH]cnc12
D00035,O=C(O)[C@@H]1CCCN1
D00036,NC(=O)c1cccnc1
D00037,O=C(O)CC(O)(CC(=O)O)C(=O)O
D00038,O=C(O)c1ccccc1
D00039,CC(C)[C@H](N)C(=O)O
D00040,CC(C)CCC[C@@H](C)[C@H]1CC[C@H]2[C@@H]3CC=C4C[C@@H](O)CC[C@]4(C)[C@H]3CC[C@]12C
D00041,C[C@@H](O)[C@H](N)C(=O)O
D00043,CC(C)OP(=O)(F)OC(C)C
D00044,OC[C@H]1O[C@H](O[C@H]2[C@H](O)[C@@H](O)C(O)O[C@@H]2CO)[C@H](O)[C@@H](O)[C@@H]1O
D00045,Nc1ncnc2c1ncn2[C@@H]1O[C@H](CO)[C@@H](O)[C@H]1O
D00042,C/C1=C2/[N-](->[Co+][CH-][C@H]3O[C@@H](n4cnc5c(N)ncnc54)[C@H](O)[C@@H]3O)C([C@H](CC(N)=O)[C@@]2(C)CCC(=O)NC[C@@H](C)OP(=O)([O-])O[C@H]2[C@@H](O)[C@@H](n3cnc4cc(C)c(C)cc43)O[C@@H]2CO)[C@]2(C)N=C(/C(C)=C3\N=C(/C=C4\N=C1[C@@H](CCC(N)=O)C4(C)C)[C@@H](CCC(N)=O)[C@]3(C)CC(N)=O)[C@@H](CCC(N)=O)[C@]2(C)CC(N)=O
D00046,OC[C@H]1O[C@@H](O[C@H]2[C@H](O)[C@@H](O)C(O)O[C@@H]2CO)[C@H](O)[C@@H](O)[C@H]1O
D00047,NCCS(=O)(=O)O
D00048,NC(=O)CCCCC1CCSS1
D00049,O=C(O)c1cccnc1
D00050,Cc1cc2nc3c(=O)[nH]c(=O)nc-3n(C[C@H](O)[C@H](O)[C@H](O)CO)c2cc1C
D00057,C[N+](C)(C)CCOP(=O)([O-])OP(=O)(O)OC[C@H]1O[C@@H](n2ccc(N)nc2=O)[C@H](O)[C@@H]1O
D00058,NCCCC(=O)O
D00059,N[C@@H](Cc1ccc(O)c(O)c1)C(=O)O
D00060,*OC[C@H]1O[C@H](OC[C@H]2OC(*)[C@H](O)[C@@H](O)[C@@H]2O)[C@H](O)[C@@H](O)[C@@H]1O
D00061,OCC(O)C(O)C(O)CO
D00062,OC[C@@H](O)[C@@H](O)[C@H](O)[C@H](O)CO
D00063,NC[C@H]1O[C@H](O[C@H]2[C@H](O)[C@@H](O[C@H]3O[C@H](CO)[C@@H](O)[C@H](N)[C@H]3O)[C@H](N)C[C@@H]2N)[C@H](N)C[C@@H]1O
D00064,CC(C)[C@@H]1CC[C@@H](C)C[C@H]1O
D00065,CC[C@H](C)[C@H](N)C(=O)O
D00066,CC(=O)[C@H]1CC[C@H]2[C@@H]3CCC4=CC(=O)CC[C@]4(C)[C@H]3CC[C@]12C
D00067,C[C@]12CC[C@@H]3c4ccc(O)cc4CC[C@H]3[C@@H]1CCC2=O
D00068,CCO
D00070,Nc1nc2ncc(CNc3ccc(C(=O)N[C@@H](CCC(=O)O)C(=O)O)cc3)nc2c(=O)[nH]1
D00073,Oc1ccc(O)cc1
D00074,[N]=O
D00075,C[C@]12CC[C@H]3[C@@H](CCC4=CC(=O)CC[C@@]43C)[C@@H]1CC[C@@H]2O
D00076,NC[C@H](O)c1ccc(O)c(O)c1
D00077,OCc1ccccc1
D00078,CC(O)CO
D00079,CCCCC[C@H](O)/C=C/[C@H]1[C@H](O)CC(=O)[C@@H]1C/C=C\CCCC(=O)O
D00080,*O[C@@H]1O[C@H](CO)[C@@H](OS(=O)(=O)O)[C@H](O[C@@H]2O[C@H](C(=O)O)[C@@H](*)[C@H](O)[C@H]2O)[C@H]1NC(C)=O
D00081,CCCCC[C@H](O)/C=C/[C@@H]1[C@@H](C/C=C\CCCC(=O)O)[C@@H](O)C[C@H]1O
D00082,Cc1ncc(COP(=O)(O)O)c(CN)c1O.O.O
D00083,N#N
D00084,*O[C@H]1O[C@H](CO)[C@@H](O[C@H]2O[C@H](CO)[C@@H](*)[C@H](O)[C@H]2O)[C@H](O)[C@H]1O
D00069,CCc1nc2ccccc2c(C(=O)OCC(=O)Nc2ccc(Cl)c(Cl)c2)c1C
D00071,CCc1nc2ccccc2c(C(=O)OCC(=O)Nc2ccc(C)c(Cl)c2)c1C
D00072,CCc1nc2ccccc2c(C(=O)OCC(=O)Nc2cc(Cl)ccc2C#N)c1C
D00086,O=C(O)CCCCC1CCSS1
D00088,C[C@]12CCC(=O)C=C1CC[C@@H]1[C@@H]2[C@@H](O)C[C@@]2(C)[C@H]1CC[C@]2(O)C(=O)CO
D00087,CC(C)C[C@@H](NC(=O)[C@@H](O)[C@H](N)Cc1ccccc1)C(=O)O
D00089,CC[C@H](C)[C@@H]1NC(=O)[C@H](Cc2ccc(O)cc2)NC(=O)[C@@H](N)CSSC[C@@H](C(=O)N2CCC[C@H]2C(=O)N[C@@H](CC(C)C)C(=O)NCC(N)=O)NC(=O)[C@H](CC(N)=O)NC(=O)[C@H](CCC(N)=O)NC1=O
D00091,COc1cc(C=O)ccc1O
D00093,*O[C@@H]1O[C@H](CO)[C@@H](*)[C@H](O)[C@H]1O
D00094,CC1=C(/C=C/C(C)=C/C=C/C(C)=C/C(=O)O)C(C)(C)CCC1
D00095,CNC[C@H](O)c1ccc(O)c(O)c1
D00096,OC[C@@H](O)[C@@H](O)[C@H](O)[C@@H](O)CO
D00097,O=C(O)c1ccccc1O
D00098,CC12CCC(CC1=O)C2(C)C
D00099,CCCCCCCCCCCCCCCCO
D00100,CC(C)=CCC/C(C)=C/CC/C(C)=C/CC/C(C)=C/CC1=C(C)C(=O)c2ccccc2C1=O
D00102,[N-]=[N+]=O
D00103,O=C(O)[C@H](O)[C@@H](O)C(=O)O
D00104,O=C(N[C@H](CO)[C@H](O)c1ccc([N+](=O)[O-])cc1)C(Cl)Cl
D00085,CCc1nc2ccccc2c(C(=O)OCC(=O)Nc2ccccc2[C@@H](C)CC)c1C
D00105,C[C@]12CC[C@@H]3c4ccc(O)cc4CC[C@H]3[C@@H]1CC[C@@H]2O
D00106,CCCCC[C@H](O)/C=C/[C@@H]1[C@H]2C/C(=C/CCCC(=O)O)O[C@H]2C[C@H]1O
D00107,C=CC[C@@H]1/C=C(\C)C[C@H](C)C[C@H](OC)[C@H]2O[C@@](O)(C(=O)C(=O)N3CCCC[C@H]3C(=O)O[C@H](/C(C)=C/[C@@H]3CC[C@@H](O)[C@H](OC)C3)[C@H](C)[C@@H](O)CC1=O)[C@H](C)C[C@@H]2OC.O
D00090,CCCCc1ccc(C(=O)COC(=O)c2c(C)c(CC)nc3ccccc23)cc1
D00092,CCc1nc2ccccc2c(C(=O)OCC(=O)N2C[C@@]3(C)C[C@H]2CC(C)(C)C3)c1C
D00108,II
D00109,CC(=O)Oc1ccccc1C(=O)O
D00110,COC(=O)[C@H]1C(OC(=O)c2ccccc2)C[C@@H]2CC[C@H]1N2C
D00111,CC(O)C(=O)O
D00112,C[C@@H]1O[C@@H](O[C@H]2C[C@@H](O)[C@]3(CO)[C@H]4[C@H](O)C[C@]5(C)[C@@H](C6=CC(=O)OC6)CC[C@]5(O)[C@@H]4CC[C@]3(O)C2)[C@H](O)[C@H](O)[C@H]1O.O.O.O.O.O.O.O.O
D00113,CN1[C@@H]2CC[C@H]1C[C@@H](OC(=O)C(CO)c1ccccc1)C2
D00114,O=C(CO)[C@@H](O)[C@H](O)[C@H](O)CO
D00117,COc1ccccc1O
D00118,COc1ccc2cc([C@H](C)C(=O)O)ccc2c1
D00119,CCCCCCCCCCCCCCCCCC(=O)O
D00120,CC1=C(CC(=O)O)c2cc(F)ccc2/C1=C\c1ccc(S(C)=O)cc1
D00101,CCOc1ccc(C(=O)[C@H](C)OC(=O)c2c(C)c(CC)nc3ccccc23)cc1
D00121,NC(=O)NC1NC(=O)NC1=O
D00122,C=C1CC[C@H](O)C/C1=C/C=C1\CCC[C@]2(C)[C@@H]([C@H](C)CCCC(C)(C)O)CC[C@@H]12.O
D00123,N#CN
D00124,CN[C@@H](C)[C@H](O)c1ccccc1
D00125,COc1cc([C@@H]2c3cc4c(cc3[C@@H](O[C@@H]3O[C@@H]5CO[C@@H](C)O[C@H]5[C@H](O)[C@H]3O)[C@H]3COC(=O)[C@H]23)OCO4)cc(OC)c1O
D00126,CC(C)Cc1ccc(C(C)C(=O)O)cc1
D00127,CN1C(C(=O)Nc2ccccn2)=C(O)c2ccccc2S1(=O)=O
D00129,C=C1/C(=C\C=C2/CCC[C@]3(C)[C@@H]([C@H](C)CCCC(C)(C)O)CC[C@@H]23)C[C@@H](O)C[C@@H]1O
D00130,O=C(O)c1cc(-c2ccc(F)cc2F)ccc1O
D00131,CCN(CC)C(=S)SSC(=S)N(CC)CC
D00132,CC(C(=O)O)c1cccc(C(=O)c2ccccc2)c1
D00133,Oc1cccc(O)c1
D00134,CCCSc1ccc2[nH]c(NC(=O)OC)nc2c1
D00135,*C[C@H]1NC(=O)[C@@H](N)CNC(=O)[C@H]([C@H]2CC=NC(N)N2)NC(=O)/C(=C/NC(N)=O)NC(=O)[C@@H](CNC(=O)C[C@H](N)CCCN)NC1=O.O=S(=O)(O)O.O=S(=O)(O)O
D00136,O=C(CCCN1CCC(O)(c2ccc(Cl)cc2)CC1)c1ccc(F)cc1
D00137,CC(C)O
D00115,CCC(CC)NC(=O)COC(=O)c1cn(-c2ccccc2)nc1-c1ccc(C)cc1
D00116,CCC[C@H](C)NC(=O)COC(=O)c1cn(-c2ccccc2)nc1-c1ccc(C)cc1
D00138,CN1[C@@H]2C[C@@H](OC(=O)[C@H](CO)c3ccccc3)C[C@H]1C1OC12
D00139,COc1c2occc2cc2ccc(=O)oc12
D00140,CC[C@H]1OC(=O)[C@H](C)[C@@H](O[C@H]2C[C@@](C)(OC)[C@@H](O)[C@H](C)O2)[C@H](C)[C@@H](O[C@@H]2O[C@H](C)C[C@H](N(C)C)[C@H]2O)[C@](C)(O)C[C@@H](C)C(=O)[C@H](C)[C@@H](O)[C@]1(C)O
D00141,COc1ccc2c(c1)c(CC(=O)O)c(C)n2C(=O)c1ccc(Cl)cc1
D00142,CN(Cc1cnc2nc(N)nc(N)c2n1)c1ccc(C(=O)N[C@@H](CCC(=O)O)C(=O)O)cc1
D00143,CC(=O)[C@H]1CC[C@H]2[C@@H]3CC=C4C[C@@H](O)CC[C@]4(C)[C@H]3CC[C@]12C
D00144,NC(=O)c1cnccn1
D00145,COc1cc(Cc2cnc(N)nc2N)cc(OC)c1OC
D00147,CN1[C@@H]2CC[C@H]1C[C@@H](OC(=O)[C@H](CO)c1ccccc1)C2
D00148,CC1=C(C/C=C(\C)CCCC(C)CCCC(C)CCCC(C)C)C(=O)c2ccccc2C1=O
D00149,Oc1ccc(Cl)cc1
D00151,Cc1cccc(Nc2ccccc2C(=O)O)c1C
D00152,Oc1cc(O)cc(O)c1
D00128,Cc1ccc(-c2nn(-c3ccccc3)cc2C(=O)O[C@@H](C)C#N)cc1
D00153,C[C@]12C=CC(=O)C=C1CC[C@@H]1[C@@H]2CC[C@]2(C)OC(=O)CC[C@@H]12
D00154,CC1=C2[C@H]3OC(=O)[C@@H](C)[C@@H]3CC[C@@]2(C)C=CC1=O
D00155,OC[C@H]1O[C@@H](n2cnc3c2N=CNC[C@H]3O)C[C@@H]1O
D00156,CC1(C)[C@@H](O)CC[C@]2(C)[C@H]3C(=O)C=C4[C@@H]5C[C@@](C)(C(=O)O)CC[C@]5(C)CC[C@@]4(C)[C@]3(C)CC[C@@H]12
D00157,CC1(C)[C@@H](O[C@@H]2O[C@H](C(=O)O)[C@@H](O)[C@H](O)[C@H]2O[C@@H]2O[C@H](C(=O)O)[C@@H](O)[C@H](O)[C@H]2O)CC[C@]2(C)[C@H]3C(=O)C=C4[C@@H]5C[C@@](C)(C(=O)O)CC[C@]5(C)CC[C@@]4(C)[C@]3(C)CC[C@@H]12
D00158,Cc1ccc(C(=O)c2ccc(CC(=O)[O-])n2C)cc1.O.O.[Na+]
D00159,COc1ccc2nc(NC(=O)Nc3ccccc3)sc2c1
D00160,NCCCCCC(=O)O
D00161,O.S=c1nc[nH]c2nc[nH]c12
D00162,Nc1ccc(C(=O)O)c(O)c1
D00163,C[C@H](CCC(=O)O)[C@H]1CC[C@H]2[C@@H]3[C@H](O)C[C@@H]4C[C@H](O)CC[C@]4(C)[C@H]3CC[C@]12C
D00164,CCCCCCCCCCCCCCCC(=O)OC/C=C(C)/C=C/C=C(C)/C=C/C1=C(C)CCCC1(C)C
D00165,CC(=O)OCC(=O)[C@@]1(O)CC[C@H]2[C@@H]3CCC4=CC(=O)CC[C@]4(C)[C@H]3[C@@H](O)C[C@@]21C
D00166,C/C1=C2/N([Co+]C#N)C([C@H](CC(N)=O)[C@@]2(C)CCC(=O)NC[C@@H](C)OP(=O)([O-])O[C@H]2[C@@H](O)[C@@H](n3cnc4cc(C)c(C)cc43)O[C@@H]2CO)[C@]2(C)N=C(/C(C)=C3\N=C(/C=C4\N=C1[C@@H](CCC(N)=O)C4(C)C)[C@@H](CCC(N)=O)[C@]3(C)CC(N)=O)[C@@H](CCC(N)=O)[C@]2(C)CC(N)=O
D00167,OCC(S)CS
D00168,Nc1ccn([C@@H]2O[C@H](CO)[C@@H](O)[C@@H]2O)c(=O)n1
D00169,Cc1ccc(Cl)c(Nc2ccccc2C(=O)[O-])c1Cl.O.[Na+]
D00170,Cc1cc(=O)oc2cc(O)ccc12
D00171,*C[C@@]1(OC[C@@]2(O*)O[C@H](CO)[C@@H](O)[C@@H]2O)O[C@H](CO)[C@@H](O)[C@@H]1O
D00146,C[C@H](OC(=O)COc1ccccc1Cl)C(=O)Nc1cccc(Cl)c1
D00174,NCC(O)CC(=O)O
D00175,N[C@@H](CSCC(=O)O)C(=O)O
D00176,NC(=O)[C@@H]1CCCN1C(=O)[C@H](Cc1cnc[nH]1)NC(=O)[C@@H]1CCC(=O)N1
D00150,O=C(COC(=O)COc1ccccc1Cl)Nc1ccc2c(c1)OCCO2
D00177,C[S+](C)CC[C@H](N)C(=O)O.[Cl-]
D00178,Cl.NCC(O)c1ccc(O)cc1
D00179,C[C@]12CC[C@H]3[C@@H](CC=C4C[C@@H](O)CC[C@@]43C)[C@@H]1CC[C@@H]2O
D00180,CCCCC[C@H](O)/C=C/[C@H]1[C@H](O)CC(=O)[C@@H]1CCCCCCC(=O)O
D00181,CC1CNc2c(cccc2S(=O)(=O)N[C@@H](CCCNC(=N)N)C(=O)N2CC[C@@H](C)C[C@@H]2C(=O)O)C1.O
D00182,C#C[C@]1(O)CC[C@H]2[C@@H]3CCC4=CC(=O)CC[C@@H]4[C@H]3CC[C@@]21C
D00183,CCn1cc(C(=O)O)c(=O)c2ccc(C)nc21
D00185,C[C@]12CC[C@@H]3c4ccc(O)cc4CC[C@H]3[C@@H]1C[C@@H](O)[C@@H]2O
D00184,C/C=C/CC(C)C(O)C1C(=O)NC(CC)C(=O)N(C)CC(=O)N(C)C(CC(C)C)C(=O)NC(C(C)C)C(=O)N(C)C(CC(C)C)C(=O)NC(C)C(=O)NC(C)C(=O)N(C)C(CC(C)C)C(=O)N(C)C(CC(C)C)C(=O)N(C)C(C(C)C)C(=O)N1C
D00186,O=C(O)c1cn(C2CC2)c2cc(N3CCNCC3)c(F)cc2c1=O
D00187,C=C1CC[C@H](O)C/C1=C/C=C1\CCC[C@]2(C)[C@@H]([C@H](C)/C=C/[C@H](C)C(C)C)CC[C@@H]12
D00188,C=C1CC[C@H](O)C/C1=C/C=C1\CCC[C@]2(C)[C@@H]([C@H](C)CCCC(C)C)CC[C@@H]12
D00189,C[C@H](O)[C@H]1CC[C@H]2[C@@H]3CC[C@@H]4C[C@H](O)CC[C@]4(C)[C@H]3CC[C@]12C
D00190,C[C@@H]1O[C@@H](OC[C@H]2O[C@@H](Oc3c(-c4ccc(O)c(O)c4)oc4cc(O)cc(O)c4c3=O)[C@H](O)[C@@H](O)[C@@H]2O)[C@H](O)[C@H](O)[C@H]1O.O.O.O
D00192,OCCc1ccccc1
D00191,*[Co+]N1/C2=C(/C)C3=N/C(=C\C4=N/C(=C(/C)C5=N[C@@](C)(C1[C@H](CC(N)=O)[C@@]2(C)CCC(=O)NC[C@@H](C)OP(=O)([O-])O[C@H]1[C@@H](O)[C@@H](n2cnc6cc(C)c(C)cc62)O[C@@H]1CO)[C@@](C)(CC(N)=O)[C@@H]5CCC(N)=O)[C@@](C)(CC(N)=O)[C@@H]4CCC(N)=O)C(C)(C)[C@@H]3CCC(N)=O
D00193,CC(C)(CO)[C@@H](O)C(=O)NCCCO
D00194,C=C(C)C1CC=C(C)CC1
D00195,COc1ccc2c3c1O[C@H]1[C@@H](O)C=C[C@H]4[C@@H](C2)N(C)CC[C@@]341.O
D00196,CNC(=O)Oc1ccc2c(c1)[C@]1(C)CCN(C)[C@@H]1N2C
D00172,CC(C)[C@H](C)NC(=O)COC(=O)COc1ccccc1Cl
D00197,COC(=O)[C@H]1[C@H]2C[C@@H]3c4[nH]c5cc(OC)ccc5c4CCN3C[C@H]2C[C@@H](OC(=O)c2cc(OC)c(OC)c(OC)c2)[C@@H]1OC
D00198,COC(=O)[C@H]1[C@H]2C[C@@H]3c4[nH]c5cc(OC)ccc5c4CCN3C[C@H]2C[C@@H](OC(=O)/C=C/c2cc(OC)c(OC)c(OC)c2)[C@@H]1OC
D00173,N#Cc1ccc(NC(=O)COC(=O)COc2ccccc2Cl)cc1Cl
D00199,CC[C@H]1[C@@H]2C[C@H]3[C@@H]4N(C)c5ccccc5[C@]45C[C@@H](C2[C@H]5O)N3[C@@H]1O
D00200,O.Oc1cc(O)c2c(c1)O[C@H](c1ccc(O)c(O)c1)[C@@H](O)C2
D00201,CN(C)[C@@H]1C(O)=C(C(N)=O)C(=O)[C@@]2(O)C(O)=C3C(=O)c4c(O)cccc4[C@@](C)(O)[C@H]3C[C@@H]12
D00202,CC1/C=C/C=C/CC/C=C/C=C/C=C/C=C/C(OC2O[C@H](C)[C@@H](O)[C@H](N)[C@@H]2O)CC(O)C(C(=O)O)C(O)CC(=O)CC(O)C(O)CCC(O)CC(O)CC(O)CC(=O)OC(C)C(C)C1O
D00203,C[C@@H]1[C@H](O)[C@@H](C)/C=C/C=C/C=C/C=C/C=C/C=C/C=C/[C@H](O[C@@H]2O[C@H](C)[C@@H](O)[C@H](N)[C@@H]2O)C[C@@H]2O[C@](O)(C[C@@H](O)C[C@@H](O)[C@H](O)CC[C@@H](O)C[C@@H](O)CC(=O)O[C@H]1C)C[C@H](O)[C@H]2C(=O)O
D00204,CC1(C)S[C@@H]2[C@H](NC(=O)[C@H](N)c3ccccc3)C(=O)N2[C@H]1C(=O)O
D00205,CN(C)[C@@H]1C(O)=C(C(N)=O)C(=O)[C@@]2(O)C(O)=C3C(=O)c4c(O)cccc4[C@@](C)(O)[C@H]3[C@H](O)[C@@H]12.O.O
D00206,C[C@@H](O)[C@H]1C(=O)N2C(C(=O)O)=C(SCCNC=N)C[C@H]12.O
D00213,CC(=O)O[C@H]1C[C@@]2(C)[C@@H](C[C@@H](O)[C@H]3[C@@]4(C)CC[C@@H](O)[C@@H](C)[C@@H]4CC[C@@]32C)/C1=C(\CCC=C(C)C)C(=O)[O-].[Na+]
D00215,OCCN(CCO)CCO
D00214,Cc1c2oc3c(C)ccc(C(=O)NC4C(=O)NC(C(C)C)C(=O)N5CCCC5C(=O)N(C)CC(=O)N(C)C(C(C)C)C(=O)OC4C)c3nc-2c(C(=O)NC2C(=O)NC(C(C)C)C(=O)N3CCCC3C(=O)N(C)CC(=O)N(C)C(C(C)C)C(=O)OC2C)c(N)c1=O
D00216,C[C@H]1O[C@H](O[C@H]2[C@H](O)[C@@H](O)[C@@H](O[C@H]3[C@H](O)[C@@H](O)C(O)O[C@@H]3CO)O[C@@H]2CO)[C@H](O)[C@@H](O)[C@@H]1N[C@H]1C=C(CO)[C@@H](O)[C@H](O)[C@H]1O
D00217,CC(=O)Nc1ccc(O)cc1
D00218,CC(=O)Nc1nnc(S(N)(=O)=O)s1
D00219,CC(=O)c1ccc(S(=O)(=O)NC(=O)NC2CCCCC2)cc1
D00220,CC(=O)NO
D00221,CC(=O)N[C@@H](CS)C(=O)O
D00222,Nc1nc2c(ncn2COCCO)c(=O)[nH]1
D00223,CCC[C@@H]1C[C@@H](C(=O)N[C@@H]([C@H]2O[C@H](SC)[C@H](O)[C@@H](O)[C@H]2O)[C@@H](C)O)N(C)C1
D00224,Oc1ncnc2[nH]ncc12
D00225,Cc1nnc2n1-c1ccc(Cl)cc1C(c1ccccc1)=NC2
D00226,NCCCNCCSP(=O)(O)O.O.O.O
D00227,Cn1c(=O)c2[nH]cnc2n(C)c1=O.Cn1c(=O)c2[nH]cnc2n(C)c1=O.NCCN
D00228,Clc1ccc2c(c1)C(N1CCNCC1)=Nc1ccccc1O2
D00229,CC1(C)S[C@@H]2[C@H](NC(=O)[C@H](N)c3ccc(O)cc3)C(=O)N2[C@H]1C(=O)O.O.O.O
D00230,CC1(C)S[C@@H]2[C@H](NC(=O)[C@H](N)c3ccc(O)cc3)C(=O)N2[C@H]1C(=O)O.O=C([O-])C1/C(=C/CO)O[C@@H]2CC(=O)N12.[K+]
D00231,Nc1cc(-c2ccncc2)c[nH]c1=O
D00232,CCCC(CCC)C(=O)O[C@H]1C[C@H]2CC[C@@H](C1)[N+]2(C)C.[Br-]
D00233,O=C1c2c(O)cccc2Cc2cccc(O)c21
D00234,COc1ccc(CCN2CCC(Nc3nc4ccccc4n3Cc3ccc(F)cc3)CC2)cc1
D00235,CC(C)NCC(O)COc1ccc(CC(N)=O)cc1
D00236,O=C1C(O)=C([C@H]2CC[C@H](c3ccc(Cl)cc3)CC2)C(=O)c2ccccc21
D00237,CCP(CC)(CC)=[Au]S[C@@H]1O[C@H](COC(C)=O)[C@@H](OC(C)=O)[C@H](OC(C)=O)[C@H]1OC(C)=O
D00244,C[C@H]1C[C@H]2[C@@H]3CCC4=CC(=O)C=C[C@]4(C)[C@@]3(F)[C@@H](O)C[C@]2(C)[C@@]1(O)C(=O)CO
D00245,CC(=O)Oc1ccc(C(c2ccc(OC(C)=O)cc2)c2ccccn2)cc1
D00246,CCCC1O[C@@H]2C[C@H]3[C@@H]4CCC5=CC(=O)C=C[C@]5(C)[C@H]4[C@@H](O)C[C@]3(C)[C@]2(C(=O)CO)O1
D00247,CCCCNc1cc(C(=O)O)cc(S(N)(=O)=O)c1Oc1ccccc1
D00248,CS(=O)(=O)OCCCCOS(C)(=O)=O
D00251,C[C@H](CS)C(=O)N1CCC[C@H]1C(=O)O
D00250,COc1cc(CNC(=O)CCCC/C=C/C(C)C)ccc1O
D00249,CC(C)CC(NC(=O)C(CCCCN)NC(=O)CNC(=O)C(CC(C)C)NC(=O)C(NC(=O)C1CSSCC(N)C(=O)NC(CO)C(=O)NC(CC(N)=O)C(=O)NC(CC(C)C)C(=O)NC(CO)C(=O)NC(C(C)O)C(=O)N1)C(C)C)C(=O)NC(CO)C(=O)NC(CCC(N)=O)C(=O)NC(CCC(=O)O)C(=O)NC(CC(C)C)C(=O)NC(Cc1cnc[nH]1)C(=O)NC(CCCCN)C(=O)NC(CC(C)C)C(=O)NC(CCC(N)=O)C(=O)NC(C(=O)NC(Cc1ccc(O)cc1)C(=O)N1CCCC1C(=O)NC(CCCNC(=N)N)C(=O)NC(C(=O)NC(CC(N)=O)C(=O)NC(C(=O)NCC(=O)NC(CO)C(=O)NCC(=O)NC(C(=O)N1CCCC1C(N)=O)C(C)O)C(C)O)C(C)O)C(C)O
D00252,NC(=O)N1c2ccccc2C=Cc2ccccc21
D00255,COc1ccccc1OCCNCC(O)COc1cccc2[nH]c3ccccc3c12
D00254,O=NN(CCCl)C(=O)NCCCl
D00256,N[C@@H](C(=O)N[C@@H]1C(=O)N2C(C(=O)O)=C(Cl)CS[C@H]12)c1ccccc1
D00257,CC1=C(C(=O)O)N2C(=O)[C@@H](NC(=O)[C@H](N)c3ccc(O)cc3)[C@H]2SC1
D00258,C=CC1=C(C(=O)O)N2C(=O)[C@@H](NC(=O)/C(=N\OCC(=O)O)c3csc(N)n3)[C@H]2SC1
D00259,NCc1ccccc1CC(=O)N[C@@H]1C(=O)N2C(C(=O)O)=C(CSc3nnnn3CC(=O)O)CS[C@H]12
D00260,CO[C@@]1(NC(=O)C2SC(=C(C(N)=O)C(=O)O)S2)C(=O)N2C(C(=O)O)=C(CSc3nnnn3C)CS[C@@H]21
D00261,C/C=C/C1=C(C(=O)O)N2C(=O)[C@@H](NC(=O)[C@H](N)c3ccc(O)cc3)[C@H]2SC1.O
D00262,CO/N=C(\C(=O)N[C@@H]1C(=O)N2C(C(=O)O)=C(COC(N)=O)CS[C@H]12)c1ccco1
D00263,CC1=C(C(=O)O)N2C(=O)[C@@H](NC(=O)[C@H](N)c3ccccc3)[C@H]2SC1
D00264,CC1=C(C(=O)O)N2C(=O)[C@@H](NC(=O)[C@H](N)C3=CCC=CC3)[C@H]2SC1
D00265,OC(O)C(Cl)(Cl)Cl
D00266,O=C(O)CCCc1ccc(N(CCCl)CCCl)cc1
D00267,CNC1=Nc2ccc(Cl)cc2C(c2ccccc2)=[N+]([O-])C1
D00268,CN1C(=O)CCS(=O)(=O)C1c1ccc(Cl)cc1
D00269,COc1ccc(C(Cl)=C(c2ccc(OC)cc2)c2ccc(OC)cc2)cc1
D00270,CN(C)CCCN1c2ccccc2Sc2ccc(Cl)cc21
D00271,CCCNC(=O)NS(=O)(=O)c1ccc(Cl)cc1
D00272,NS(=O)(=O)c1cc(C2(O)NC(=O)c3ccccc32)ccc1Cl
D00273,Nc1ccn(C[C@@H](CO)OCP(=O)(O)O)c(=O)n1.O.O
D00274,COc1cc(N)c(Cl)cc1C(=O)NC1CCN(CCCOc2ccc(F)cc2)CC1OC
D00275,Cl[Pt]Cl.N.N
D00276,CC[C@H]1OC(=O)[C@H](C)[C@@H](O[C@H]2C[C@@](C)(OC)[C@@H](O)[C@H](C)O2)[C@H](C)[C@@H](O[C@@H]2O[C@H](C)C[C@H](N(C)C)[C@H]2O)[C@](C)(OC)C[C@@H](C)C(=O)[C@H](C)[C@@H](O)[C@]1(C)O
D00277,CCC[C@@H]1C[C@@H](C(=O)N[C@@H]([C@H]2O[C@H](SC)[C@H](O)[C@@H](O)[C@H]2O)[C@H](C)Cl)N(C)C1
D00278,CC(C)/N=c1\cc2n(-c3ccc(Cl)cc3)c3ccccc3nc-2cc1Nc1ccc(Cl)cc1
D00279,CCOC(=O)C(C)(C)Oc1ccc(Cl)cc1
D00280,O=C1CN=C(c2ccccc2Cl)c2cc([N+](=O)[O-])ccc2N1
D00281,Clc1cccc(Cl)c1N=C1NCCN1
D00282,Clc1ccccc1C(c1ccccc1)(c1ccccc1)n1ccnc1
D00283,CN1CCN(C2=Nc3cc(Cl)ccc3Nc3ccccc32)CC1
D00285,COc1cc(Cc2cnc(N)nc2N)cc(OC)c1OC.Cc1cc(NS(=O)(=O)c2ccc(N)cc2)no1
D00284,CSCC[C@H](NC(=O)[C@H](CO)NC(=O)[C@H](Cc1ccc(O)cc1)NC(=O)C(N)CO)C(=O)N[C@@H](CCC(=O)O)C(=O)N[C@@H](Cc1c[nH]cn1)C(=O)N[C@@H](Cc1ccccc1)C(=O)N[C@@H](CCCNC(=N)N)C(=O)N[C@@H](Cc1c[nH]c2ccccc12)C(=O)NCC(=O)N[C@@H](CCCCN)C(=O)N1CCC[C@H]1C(=O)N[C@H](C(=O)NCC(=O)N[C@H](CCCCN)C(=O)N[C@H](CCCCN)C(=O)N[C@H](CCCNC(=N)N)C(=O)N[C@H](CCCNC(=N)N)C(=O)N1CCC[C@H]1C(=O)N[C@H](C(=O)N[C@@H](CCCCN)C(=O)N[C@H](C(=O)N[C@@H](Cc1ccc(O)cc1)C(=O)N1CCC[C@H]1C(=O)O)C(C)C)C(C)C)C(C)C
D00286,CC1CC(OC(=O)C(O)c2ccccc2)CC(C)(C)C1
D00287,O.O=P1(N(CCCl)CCCl)NCCCO1
D00288,CN(C)/N=N/c1[nH]cnc1C(N)=O
D00289,C#C[C@]1(O)CC[C@H]2[C@@H]3CCC4=Cc5oncc5C[C@]4(C)[C@H]3CC[C@@]21C
D00290,CN(C)[C@@H]1C(O)=C(C(N)=O)C(=O)[C@@]2(O)C(O)=C3C(=O)c4c(O)ccc(Cl)c4[C@@H](O)[C@H]3C[C@@H]12.Cl
D00291,N=C(N)NCCCC(NC(=O)C1CCCN1C(=O)C1CSSCCC(=O)NC(Cc2ccc(O)cc2)C(=O)NC(Cc2ccccc2)C(=O)NC(CCC(N)=O)C(=O)NC(CC(N)=O)C(=O)N1)C(=O)NCC(N)=O
D00253,COC(=O)c1c(C)[nH]c(C(=O)[C@@H](C)OC(=O)COc2ccccc2Cl)c1C
D00292,C[C@@H]1C[C@H]2[C@@H]3CCC4=CC(=O)C=C[C@]4(C)[C@@]3(F)[C@@H](O)C[C@]2(C)[C@@]1(O)C(=O)CO
D00293,CN1C(=O)CN=C(c2ccccc2)c2cc(Cl)ccc21
D00294,CC1=Nc2ccc(Cl)cc2S(=O)(=O)N1
D00295,CN/C(=N\C#N)NCCSCc1nc[nH]c1C
D00296,O=c1[nH]cnc2c1ncn2[C@H]1CC[C@@H](CO)O1
D00297,C[C@H]1O[C@@H](O[C@H]2[C@@H](O)C[C@H](O[C@H]3[C@@H](O)C[C@H](O[C@H]4CC[C@@]5(C)[C@H](CC[C@@H]6[C@@H]5CC[C@]5(C)[C@@H](C7=CC(=O)OC7)CC[C@]65O)C4)O[C@@H]3C)O[C@@H]2C)C[C@H](O)[C@@H]1O
D00298,C[C@H]1O[C@@H](O[C@H]2[C@@H](O)C[C@H](O[C@H]3[C@@H](O)C[C@H](O[C@H]4CC[C@@]5(C)[C@H](CC[C@@H]6[C@@H]5C[C@@H](O)[C@]5(C)[C@@H](C7=CC(=O)OC7)CC[C@]65O)C4)O[C@@H]3C)O[C@@H]2C)C[C@H](O)[C@@H]1O
D00299,CC(C)[C@@H](C)/C=C/[C@@H](C)[C@H]1CC[C@H]2/C(=C/C=C3\C[C@@H](O)CC[C@@H]3C)CCC[C@]12C
D00300,CN(C)CCOC(c1ccccc1)c1ccccc1
D00301,CCOC(=O)C1(c2ccccc2)CCN(CCC(C#N)(c2ccccc2)c2ccccc2)CC1.CN1[C@@H]2CC[C@H]1C[C@@H](OC(=O)C(CO)c1ccccc1)C2.Cl.O=S(=O)(O)O
D00302,OCCN(CCO)c1nc(N2CCCCC2)c2nc(N(CCO)CCO)nc(N3CCCCC3)c2n1
D00303,CC(C)N(CCC(C(N)=O)(c1ccccc1)c1ccccn1)C(C)C
D00304,CCCC(CCC)C(=O)O.CCCC(CCC)C(=O)[O-].[Na+]
D00306,CCCCCc1cc(O)c2c(c1)OC(C)(C)[C@@H]1CCC(C)=C[C@@H]21
D00305,CCCCC(CC)COC(=O)CC(C(=O)OCC(CC)CCCC)S(=O)(=O)[O-].[Na+]
D00307,C[C@H]1c2cccc(O)c2C(=O)C2=C(O)[C@]3(O)C(=O)C(C(N)=O)=C(O)[C@@H](N(C)C)[C@@H]3[C@@H](O)[C@@H]21.O
D00308,O=C(CCCN1CC=C(n2c(=O)[nH]c3ccccc32)CC1)c1ccc(F)cc1
D00309,Cc1nc(N)nc(N)c1-c1ccc(Cl)c(Cl)c1
D00310,CCn1cc(C(=O)O)c(=O)c2cc(F)c(N3CCNCC3)nc21
D00311,Clc1ccc2c(c1)C(c1ccccc1)=NCc1nncn1-2
D00312,C[C@]12CC[C@@H]3c4ccc(OS(=O)(=O)[O-])cc4CC[C@H]3[C@@H]1CCC2=O.[Na+]
D00313,C=C(CC)C(=O)c1ccc(OCC(=O)O)c(Cl)c1Cl
D00314,CC(O)(P(=O)([O-])O)P(=O)([O-])O.[Na+].[Na+]
D00315,CCc1cccc2c3c([nH]c12)C(CC)(CC(=O)O)OCC3
D00316,CCOC(=O)/C=C(C)/C=C/C=C(C)/C=C/c1c(C)cc(OC)c(C)c1C
D00317,CC(=O)OCC(CCn1cnc2cnc(N)nc21)COC(C)=O
D00318,NC(N)=Nc1nc(CSCC/C(N)=N/S(N)(=O)=O)cs1
D00319,CCOC(=O)C1=C(C)NC(C)=C(C(=O)OC)C1c1cccc(Cl)c1Cl
D00320,CCC(=O)N(c1ccccc1)C1CCN(CCc2ccccc2)CC1
D00321,CC(C)(C)NC(=O)[C@H]1CC[C@H]2[C@@H]3CC[C@H]4NC(=O)C=C[C@]4(C)[C@H]3CC[C@]12C
D00322,OC(Cn1cncn1)(Cn1cncn1)c1ccc(F)cc1F
D00323,Nc1nc(=O)[nH]cc1F
D00324,CC1(C)O[C@@H]2C[C@H]3[C@@H]4C[C@H](F)C5=CC(=O)C=C[C@]5(C)[C@H]4[C@@H](O)C[C@]3(C)[C@]2(C(=O)CO)O1.CC1(C)O[C@@H]2C[C@H]3[C@@H]4C[C@H](F)C5=CC(=O)C=C[C@]5(C)[C@H]4[C@@H](O)C[C@]3(C)[C@]2(C(=O)CO)O1.O
D00325,CC(=O)OCC(=O)[C@@]12OC(C)(C)O[C@@H]1C[C@H]1[C@@H]3C[C@H](F)C4=CC(=O)C=C[C@]4(C)[C@@]3(F)[C@@H](O)C[C@@]12C
D00326,CNCCC(Oc1ccc(C(F)(F)F)cc1)c1ccccc1
D00327,C[C@]1(O)CC[C@H]2[C@@H]3CCC4=CC(=O)CC[C@]4(C)[C@@]3(F)[C@@H](O)C[C@@]21C
D00328,CC1(C)O[C@@H]2C[C@H]3[C@@H]4C[C@H](F)C5=CC(=O)CC[C@]5(C)[C@H]4[C@@H](O)C[C@]3(C)[C@]2(C(=O)CO)O1
D00329,CCN(CC)CCN1C(=O)CN=C(c2ccccc2F)c2cc(Cl)ccc21
D00330,CC(C(=O)O)c1ccc(-c2ccccc2)c(F)c1
D00331,NS(=O)(=O)c1cc(C(=O)O)c(NCc2ccco2)cc1Cl
D00332,NCC1(CC(=O)O)CCCCC1
D00333,Nc1nc2c(ncn2COC(CO)CO)c(=O)[nH]1
D00334,Cc1ccc(C)c(OCCCC(C)(C)C(=O)O)c1
D00335,Cc1cnc(C(=O)NCCc2ccc(S(=O)(=O)NC(=O)NC3CCCCC3)cc2)cn1
D00336,COc1ccc(Cl)cc1C(=O)NCCc1ccc(S(=O)(=O)NC(=O)NC2CCCCC2)cc1
D00337,COc1ccccc1OCC(O)CO
D00338,O=C1CN=C(c2ccccc2)c2cc(Cl)ccc2N1CC(F)(F)F
D00339,Clc1cc(Cl)c(OCC#CI)cc1Cl
D00340,NS(=O)(=O)c1cc2c(cc1Cl)NCNS2(=O)=O
D00341,NC(=O)NO
D00342,O=c1[nH]c(=O)n([C@H]2C[C@H](O)[C@@H](CO)O2)cc1I
D00343,O=P1(NCCCl)OCCCN1CCCl
D00346,NNC(=O)c1ccncc1
D00345,CC1Cc2ccccc2N1NC(=O)c1ccc(Cl)c(S(N)(=O)=O)c1
D00347,O[C@@H]1CO[C@H]2[C@@H]1OC[C@@H]2O
D00348,CC1=C(/C=C/C(C)=C/C=C/C(C)=C\C(=O)O)C(C)(C)CCC1
D00349,COC(=O)C1=C(C)NC(C)=C(C(=O)OC(C)C)C1c1cccc2nonc12
D00350,CCC(C)n1ncn(-c2ccc(N3CCN(c4ccc(OC[C@H]5CO[C@](Cn6cncn6)(c6ccc(Cl)cc6Cl)O5)cc4)CC3)cc2)c1=O
D00351,CC(=O)N1CCN(c2ccc(OC[C@@H]3CO[C@@](Cn4ccnc4)(c4ccc(Cl)cc4Cl)O3)cc2)CC1
D00352,OC[C@H]1O[C@@H](O[C@@H]2[C@@H](CO)O[C@](O)(CO)[C@H]2O)[C@H](O)[C@@H](O)[C@H]1O
D00353,Nc1ccn([C@@H]2CS[C@H](CO)O2)c(=O)n1
D00354,Nc1nnc(-c2cccc(Cl)c2Cl)c(N)n1
D00355,Cc1c(OCC(F)(F)F)ccnc1CS(=O)c1nc2ccccc2[nH]1
D00356,CC(C)OC(=O)CCC/C=C\C[C@@H]1[C@@H](CC[C@@H](O)CCc2ccccc2)[C@H](O)C[C@@H]1O
D00357,CCCCc1nc(Cl)c(CO)n1Cc1ccc(-c2ccccc2-c2nnn[n-]2)cc1.[K+]
D00358,CCN(CC)CC(=O)Nc1c(C)cccc1C
D00359,CC[C@H](C)C(=O)O[C@H]1C[C@@H](C)C=C2C=C[C@H](C)[C@H](CC[C@@H]3C[C@@H](O)CC(=O)O3)[C@H]21
D00360,Cl[C@H]1[C@H](Cl)[C@@H](Cl)[C@@H](Cl)[C@H](Cl)[C@H]1Cl
D00361,N[C@@H](Cc1cc(I)c(Oc2cc(I)c(O)c(I)c2)c(I)c1)C(=O)[O-].N[C@@H](Cc1cc(I)c(Oc2ccc(O)c(I)c2)c(I)c1)C(=O)[O-].[Na+].[Na+]
D00362,NCCCC[C@H](N[C@@H](CCc1ccccc1)C(=O)O)C(=O)N1CCC[C@H]1C(=O)O.O.O
D00363,O=NN(CCCl)C(=O)NC1CCCCC1
D00364,CCOC(=O)N1CCC(=C2c3ccc(Cl)cc3CCc3cccnc32)CC1
D00365,O=C1Nc2ccc(Cl)cc2C(c2ccccc2Cl)=NC1O
D00366,NCCCCC(NC(=O)C1CCCN1C(=O)C1CSSCC(N)C(=O)NC(Cc2ccc(O)cc2)C(=O)NC(Cc2ccccc2)C(=O)NC(CCC(N)=O)C(=O)NC(CC(N)=O)C(=O)N1)C(=O)NCC(N)=O
D00367,OC1(c2ccc(Cl)cc2)c2ccccc2C2=NCCN21
D00368,COC(=O)Nc1nc2cc(C(=O)c3ccccc3)ccc2[nH]1
D00369,N[C@@H](Cc1ccc(N(CCCl)CCCl)cc1)C(=O)O
D00370,CN1C(=O)C(O)N=C(c2ccccc2)c2cc(Cl)ccc21
D00371,Cn1c(=O)c2[nH]cnc2n(C)c1=O
D00372,c1ccc2[nH]c(-c3cscn3)nc2c1
D00373,CSc1ccc2c(c1)N(CCC1CCCCN1C)c1ccccc1S2
D00374,CN1CCN(CC/C=C2/c3ccccc3Sc3ccc(S(=O)(=O)N(C)C)cc32)CC1
D00375,CCC1(c2ccccc2)NC(=O)N(C)C1=O
D00376,CCCC(C)(COC(N)=O)COC(N)=O
D00377,Nc1ccc(O)c(C(=O)O)c1
D00378,CC(C)(C)NC[C@H](O)COc1nsnc1N1CCOCC1.CC(C)(C)NC[C@H](O)COc1nsnc1N1CCOCC1.O
D00379,Cc1ccc(S(=O)(=O)NC(=O)NN2CCCCCC2)cc1
D00380,CCCCNC(=O)NS(=O)(=O)c1ccc(C)cc1
D00381,Cc1cccc(N(C)C(=S)Oc2ccc3ccccc3c2)c1
D00382,Cc1cccc(Nc2ccncc2S(=O)(=O)NC(=O)NC(C)C)c1
D00383,CCOC(=O)[C@H](CCc1ccccc1)N[C@@H](C)C(=O)N1[C@H](C(=O)O)C[C@H]2CCCC[C@@H]21
D00386,CCCn1c(N)c(C(=O)CSc2ccc(C(C)(C)C)cc2)c(=O)[nH]c1=O
D00387,CCOC(=O)c1ccc(NC(=O)COC(=O)c2cc(CC)c(C)s2)cc1
D00385,CCc1cc(C(=O)OCC(=O)Nc2ccc(C(=O)OC)cc2)sc1C
D00388,O=P([O-])(O)OCC(Cl)(Cl)Cl.[Na+]
D00344,CC(C)C(C)(C#N)NC(=O)CSC1=CC=C(C=C1)C(C)(C)C
D00384,C[C@@H](Sc1ccc(C(C)(C)C)cc1)C(=O)Nc1ccc(C(N)=O)cc1
D00389,C[C@]12C=CC(=O)C=C1CC[C@@H]1[C@@H]2CC[C@@]2(C)[C@H]1CC[C@]2(C)O
D00390,CN(C)CCCN1c2ccccc2Sc2ccc(C(F)(F)F)cc21
D00391,O=c1[nH]c(=O)n([C@H]2C[C@H](O)[C@@H](CO)O2)cc1C(F)(F)F
D00392,CN1C(=O)OC(C)(C)C1=O
D00393,C1N2CN3CN1CN(C2)C3
D00394,CC(CN(C)C)CN1c2ccccc2CCc2ccccc21
D00395,Cc1c(C)c2c(c(C)c1O)CCC(C)(COc1ccc(CC3SC(=O)NC3=O)cc1)O2
D00396,NC(CO)(CO)CO
D00397,CCN(Cc1ccncc1)C(=O)C(CO)c1ccccc1
D00399,CCCC(CCC)C(=O)O
D00398,CC(C)[C@H](N)C(=O)OCCOCn1cnc2c(=O)[nH]c(N)nc21.Cl
D00400,CCCCC(=O)N(Cc1ccc(-c2ccccc2-c2nnn[nH]2)cc1)[C@H](C(=O)O)C(C)C
D00401,Cn1cc[nH]c1=S
D00402,COc1ccccc1OCC(O)COC(N)=O
D00403,COc1ccc2c(c1)N(C[C@H](C)CN(C)C)c1ccccc1S2
D00404,CN1C(=O)CC(C)(c2ccccc2)C1=O
D00405,C[C@](N)(Cc1ccc(O)c(O)c1)C(=O)O.C[C@](N)(Cc1ccc(O)c(O)c1)C(=O)O.O.O.O
D00406,Nc1ncnc2c1ncn2[C@@H]1O[C@H](CO)[C@@H](O)[C@@H]1O.O
D00407,C[C@H]1C[C@@H]2[C@H]([C@@H](O)C[C@@]3(C)[C@H]2CC[C@]3(O)C(=O)CO)[C@@]2(C)C=CC(=O)C=C12
D00408,C[C@]12CCC(=O)C=C1CC[C@@H]1[C@@H]2CC[C@@]2(C)[C@H]1CC[C@]2(C)O
D00410,CC(C)(C(=O)c1cccnc1)c1cccnc1
D00409,Cc1ncc([N+](=O)[O-])n1CCO
D00411,COc1cc(C(=O)NS(=O)(=O)c2ccccc2C)ccc1Cc1cn(C)c2ccc(NC(=O)OC3CCCC3)cc12
D00412,Nc1ccn([C@H]2CC[C@@H](CO)O2)c(=O)n1
D00413,Cc1cn([C@H]2C[C@H](N=[N+]=[N-])[C@@H](CO)O2)c(=O)[nH]c1=O
D00415,CN(C)CCc1c[nH]c2ccc(C[C@H]3COC(=O)N3)cc12
D00414,CC(c1cc2ccccc2s1)N(O)C(N)=O
D00416,Clc1ccc(COC(Cn2ccnc2)c2ccc(Cl)cc2Cl)c(Cl)c1
D00417,Cc1[nH]c(=O)c(C#N)cc1-c1ccncc1
D00418,Nc1cc(N2CCCCC2)nc(N)[n+]1[O-]
D00420,Clc1ccc(C(c2ccccc2Cl)C(Cl)Cl)cc1
D00419,CCCCC(C)(O)C/C=C/[C@H]1[C@H](O)CC(=O)[C@@H]1CCCCCCC(=O)OC
D00421,CCOC(=O)[C@H](CCc1ccccc1)N[C@@H](C)C(=O)N1[C@H](C(=O)O)C[C@@H]2CCC[C@@H]21
D00422,CN/C(=C\[N+](=O)[O-])NCCSCc1ccc(CN(C)C)o1
D00424,CO[C@H]1/C=C/O[C@@]2(C)Oc3c(C)c(O)c4c(c3C2=O)C2=NC3(CCN(CC(C)C)CC3)NC2=C(NC(=O)/C(C)=C\C=C\[C@H](C)[C@H](O)[C@@H](C)[C@@H](O)[C@@H](C)[C@H](OC(C)=O)[C@@H]1C)C4=O
D00425,COc1ccc2cc(CCC(C)=O)ccc2c1
D00423,NC(=O)c1ncn([C@@H]2O[C@H](CO)[C@@H](O)[C@H]2O)n1
D00426,Cc1nc2n(c(=O)c1CCN1CCC(c3noc4cc(F)ccc34)CC1)CCCC2
D00428,O=C(Oc1ccccc1C(=O)O)c1ccccc1O
D00427,CC(C)c1nc(CN(C)C(=O)N[C@H](C(=O)N[C@@H](Cc2ccccc2)C[C@H](O)[C@H](Cc2ccccc2)NC(=O)OCc2cncs2)C(C)C)cs1
D00430,C=CCC1(C(C)CCC)C(=O)NC(=O)NC1=O
D00429,CC(C)(C)NC(=O)[C@@H]1C[C@@H]2CCCC[C@@H]2CN1C[C@@H](O)[C@H](Cc1ccccc1)NC(=O)[C@H](CC(N)=O)NC(=O)c1ccc2ccccc2n1
D00431,Cc1ccccc1N1C(=O)c2cc(S(N)(=O)=O)c(Cl)cc2NC1C
D00432,CC(C)(C)NCC(O)COc1cccc2c1C[C@H](O)[C@H](O)C2
D00433,Nc1ccc(S(=O)(=O)[N-]c2ncccn2)cc1.[Ag+]
D00435,Cc1ccnc2c1NC(=O)c1cccnc1N2C1CC1
D00434,CCC(C)(C)C(=O)O[C@H]1C[C@@H](C)C=C2C=C[C@H](C)[C@H](CC[C@@H]3C[C@@H](O)CC(=O)O3)[C@H]21
D00436,O=C(Nc1ccc([N+](=O)[O-])cc1Cl)c1cc(Cl)ccc1O
D00437,COC(=O)C1=C(C)NC(C)=C(C(=O)OC)C1c1ccccc1[N+](=O)[O-]
D00438,COCCOC(=O)C1=C(C)NC(C)=C(C(=O)OC(C)C)C1c1cccc([N+](=O)[O-])c1
D00439,O=C1CN(/N=C/c2ccc([N+](=O)[O-])o2)C(=O)N1
D00440,CN/C(=C\[N+](=O)[O-])NCCSCc1csc(CN(C)C)n1
D00441,CCCCCCCCOc1ccc(C(=O)c2ccccc2)c(O)c1
D00442,CC(O)C(CO)NC(=O)C1CSSCC(NC(=O)C(N)Cc2ccccc2)C(=O)NC(Cc2ccccc2)C(=O)NC(Cc2c[nH]c3ccccc23)C(=O)NC(CCCCN)C(=O)NC(C(C)O)C(=O)N1
D00443,CC(=O)S[C@@H]1CC2=CC(=O)CC[C@]2(C)[C@H]2CC[C@@]3(C)[C@@H](CC[C@@]34CCC(=O)O4)[C@H]12
D00445,Cc1cn([C@H]2C=C[C@@H](CO)O2)c(=O)[nH]c1=O
D00444,C[C@]12Cc3cn[nH]c3C[C@@H]1CC[C@@H]1[C@@H]2CC[C@@]2(C)[C@H]1CC[C@]2(C)O
D00446,*OC[C@H]1O[C@@](CO*)(O[C@H]2O[C@H](CO*)[C@@H](O*)[C@H](O*)[C@H]2O*)[C@@H](O*)[C@@H]1O*.O.O[Al](O)O
D00447,Cc1cc(NS(=O)(=O)c2ccc(N)cc2)no1
D00448,O=C(O)c1cc(/N=N/c2ccc(S(=O)(=O)Nc3ccccn3)cc2)ccc1O
D00449,O=C1C(CCS(=O)c2ccccc2)C(=O)N(c2ccccc2)N1c1ccccc1
D00450,Cc1noc(NS(=O)(=O)c2ccc(N)cc2)c1C
D00451,CNS(=O)(=O)Cc1ccc2[nH]cc(CCN(C)C)c2c1
D00452,CC(C(=O)O)c1ccc(C(=O)c2cccs2)cc1
D00455,COc1ccc2[nH]c(S(=O)Cc3ncc(C)c(OC)c3C)nc2c1
D00454,Cc1cc2c(s1)Nc1ccccc1N=C2N1CCN(C)CC1
D00453,CC1COc2c(N3CCN(C)CC3)c(F)cc3c(=O)c(C(=O)O)cn1c23
D00456,Cc1nccn1CC1CCc2c(c3ccccc3n2C)C1=O
D00457,Fc1ccccc1C1=NCC(=S)N(CC(F)(F)F)c2ccc(Cl)cc21
D00458,O=C(O)/C=C/C(=O)O.OCCOCCN1CCN(C2=Nc3ccccc3Sc3ccccc32)CC1.OCCOCCN1CCN(C2=Nc3ccccc3Sc3ccccc32)CC1
D00460,CC(C)NCC1CCc2cc(CO)c([N+](=O)[O-])cc2N1
D00459,CCOC(=O)[C@H](CCc1ccccc1)N[C@@H](C)C(=O)N1Cc2ccccc2C[C@H]1C(=O)O.Cl
D00461,CCC1NC(=O)c2cc(S(N)(=O)=O)c(Cl)cc2N1
D00462,C[C@]12COC(=O)C[C@@H]1CC[C@@H]1[C@@H]2CC[C@@]2(C)[C@H]1CC[C@]2(C)O
D00463,O=C(O)CCc1nc(-c2ccccc2)c(-c2ccccc2)o1
D00474,CCC1(c2ccccc2)C(=O)NCNC1=O
D00475,CCCN(CCC)S(=O)(=O)c1ccc(C(=O)O)cc1
D00477,CCN(CC)CCNC(=O)c1ccc(N)cc1.Cl
D00476,CC(C)(Sc1cc(C(C)(C)C)c(O)c(C(C)(C)C)c1)Sc1cc(C(C)(C)C)c(O)c(C(C)(C)C)c1
D00479,CN1CCN(CCCN2c3ccccc3Sc3ccc(Cl)cc32)CC1.O=C(O)/C=C\C(=O)O.O=C(O)/C=C\C(=O)O
D00478,CNNCc1ccc(C(=O)NC(C)C)cc1.Cl
D00480,CC(CN1c2ccccc2Sc2ccccc21)N(C)C.Cl
D00481,CC(C)[N+](C)(CCOC(=O)C1c2ccccc2Oc2ccccc21)C(C)C.[Br-]
D00482,CCC(=O)O[C@](Cc1ccccc1)(c1ccccc1)[C@H](C)CN(C)C.Cl
D00484,CNCCCC1c2ccccc2C=Cc2ccccc21.Cl
D00483,CC(C)NCC(O)COc1cccc2ccccc12.Cl
D00485,CN[C@@H](C)[C@@H](O)c1ccccc1.Cl
D00487,CN(C)C(=O)Oc1ccc[n+](C)c1.[Br-]
D00486,CN1CCCN=C1/C=C/c1cccs1.O=C(O)c1cc2ccccc2c(Cc2c(O)c(C(=O)O)cc3ccccc23)c1O
D00488,CCc1nc(N)nc(N)c1-c1ccc(Cl)cc1
D00490,C[C@]12C/C(=C/O)C(=O)C[C@@H]1CC[C@@H]1[C@@H]2CC[C@@]2(C)[C@H]1CC[C@]2(C)O
D00489,Cc1cc(/C=C/c2ccc3cc(N(C)C)ccc3[n+]2C)c(C)n1-c1ccccc1.Cc1cc(/C=C/c2ccc3cc(N(C)C)ccc3[n+]2C)c(C)n1-c1ccccc1.O=C([O-])c1cc2ccccc2c(Cc2c(O)c(C(=O)[O-])cc3ccccc23)c1O
D00492,CC(=O)O[C@H]1C[C@@H]2CC[C@@H]3[C@H](CC[C@@]4(C)[C@H]3C[C@H]([N+]3(C)CCCCC3)[C@@H]4OC(C)=O)[C@@]2(C)C[C@@H]1[N+]1(C)CCCCC1.[Br-].[Br-]
D00493,CN1CCN(CCCN2c3ccccc3Sc3ccc(Cl)cc32)CC1
D00491,CC(=O)O[C@H]1C(=O)[C@@]2(C)[C@H]([C@H](OC(=O)c3ccccc3)[C@]3(O)C[C@H](OC(=O)[C@H](O)[C@@H](NC(=O)c4ccccc4)c4ccccc4)C(C)=C1C3(C)C)[C@]1(OC(C)=O)CO[C@@H]1C[C@@H]2O
D00494,CC(CN1c2ccccc2Sc2ccccc21)N(C)C
D00495,CCC1(C)OC(=O)N(C)C1=O
D00496,CC(C)(S)[C@@H](N)C(=O)O
D00497,CC1(C)S[C@@H]2[C@H](NC(=O)COc3ccccc3)C(=O)N2[C@H]1C(=O)[O-].[K+]
D00498,CC(C)=CCN1CC[C@@]2(C)c3cc(O)ccc3C[C@@H]1[C@@H]2C
D00499,CCCC(C)C1(CC)C(=O)NC(=O)NC1=O
D00500,CCCC(C)C1(CC)C(=O)N=C([O-])NC1=O.[Na+]
D00501,CC(=O)CCCCn1c(=O)c2c(ncn2C)n(C)c1=O
D00502,CCCN1C[C@H](CSC)C[C@@H]2c3cccc4[nH]cc(c34)C[C@H]21.CS(=O)(=O)O
D00503,OCCN1CCN(CCCN2c3ccccc3Sc3ccc(Cl)cc32)CC1
D00504,NC(=O)NC(=O)Cc1ccccc1
D00505,NNCCc1ccccc1.O=S(=O)(O)O
D00506,CCC1(c2ccccc2)C(=O)NC(=O)NC1=O
D00507,CC(COc1ccccc1)N(CCCl)Cc1ccccc1.Cl
D00508,CN1C(=O)CC(c2ccccc2)C1=O
D00509,CS(=O)(=O)O.Cc1ccc(N(CC2=NCCN2)c2cccc(O)c2)cc1
D00510,CCCCC1C(=O)N(c2ccccc2)N(c2ccccc2)C1=O
D00511,CNC[C@H](O)c1cccc(O)c1.Cl
D00512,O=C1N=C(O)NC1(c1ccccc1)c1ccccc1
D00513,CC(C)NCC(O)COc1cccc2[nH]ccc12
D00514,Cc1cccc([C@H](C)c2c[nH]cn2)c1C
D00515,O=[N+]([O-])OCC(CO[N+](=O)[O-])O[N+](=O)[O-]
D00516,O=[N+]([O-])O[C@H]1CO[C@H]2[C@@H]1OC[C@H]2O[N+](=O)[O-]
D00517,CC(C)CCON=O
D00518,NS(=O)(=O)c1cc(Cl)c(Cl)c(S(N)(=O)=O)c1
D00519,NS(=O)(=O)c1cc2c(cc1Cl)N=CNS2(=O)=O
D00520,CN(C)CCOC(c1ccccc1)c1ccccc1.Cn1c(=O)c2[nH]c(Cl)nc2n(C)c1=O
D00521,CC(C)(C)c1ccc(C(O)CCCN2CCC(C(O)(c3ccccc3)c3ccccc3)CC2)cc1
D00522,CCOc1nc2cccc(C(=O)O)c2n1Cc1ccc(-c2ccccc2-c2nnn[nH]2)cc1
D00523,CCCCC1=NC2(CCCC2)C(=O)N1Cc1ccc(-c2ccccc2-c2nnn[nH]2)cc1
D00524,C[N+](C)(C)CCOC(N)=O.[Cl-]
D00525,CC[C@@H]1C(=O)OC[C@@H]1Cc1cncn1C
D00526,O=C([O-])c1cc(=O)c2c(OCC(O)COc3cccc4oc(C(=O)[O-])cc(=O)c34)cccc2o1.[Na+].[Na+]
D00527,CCCc1c2oc(C(=O)[O-])cc(=O)c2cc2c(=O)cc(C(=O)[O-])n(CC)c12.[Na+].[Na+]
D00528,Cn1c(=O)c2c(ncn2C)n(C)c1=O
D00529,CC(C)(O)c1ccccc1CC[C@@H](SCC1(CC(=O)[O-])CC1)c1cccc(/C=C/c2ccc3ccc(Cl)cc3n2)c1.[Na+]
D00530,CCN(C(C)=O)c1cccc(-c2ccnc3c(C#N)cnn23)c1
D00531,O=C1CN=C(c2ccccc2)c2cc([N+](=O)[O-])ccc2N1
D00532,CCC1(c2ccccc2)CCC(=O)NC1=O
D00533,NC(=O)N1c2ccccc2CC(=O)c2ccccc21
D00534,CCOC(=O)CC(SP(=S)(OC)OC)C(=O)OCC
D00535,C=CC(N)CCC(=O)O
D00536,NC(=O)OCC(COC(N)=O)c1ccccc1
D00537,CC1(C)O[C@@H]2[C@@H](CO[C@@]3(COS(N)(=O)=O)OC(C)(C)O[C@@H]23)O1
D00538,NS(=O)(=O)Cc1noc2ccccc12
D00539,CCC1(C)CC(=O)NC1=O
D00540,C[N+]1(C)CCC(OC(=O)C(O)(c2ccccc2)C2CCCC2)C1.[Br-]
D00541,CCN(CC)CCNc1ccc(CO)c2sc3ccccc3c(=O)c12
D00542,FC(F)(F)C(Cl)Br
D00543,FC(F)OC(F)(F)C(F)Cl
D00544,COC(F)(F)C(Cl)Cl
D00545,FC(F)OC(Cl)C(F)(F)F
D00546,FC(F)OC(F)C(F)(F)F
D00547,FCOC(C(F)(F)F)C(F)(F)F
D00548,CCOC(=O)c1cncn1[C@H](C)c1ccccc1
D00549,CC(C)c1cccc(C(C)C)c1O
D00550,Cc1ncc2n1-c1ccc(Cl)cc1C(c1ccccc1F)=NC2
D00551,CCCCNc1ccc(C(=O)OCCN(C)C)cc1
D00552,CCOC(=O)c1ccc(N)cc1
D00553,CCCNC(C)C(=O)Nc1ccccc1C
D00554,C#C[C@]1(O)CC[C@H]2[C@@H]3CCc4cc(O)ccc4[C@H]3CC[C@@]21C
D00555,CCC1(CCC(C)C)C(=O)N=C(O)NC1=O
D00556,Cc1c(N(C)C)c(=O)n(-c2ccccc2)n1C
D00557,Cc1ccccc1-n1c(C)nc2ccccc2c1=O
D00558,C[C@@](Cc1ccc(O)c(O)c1)(NN)C(=O)O.O
D00559,CCCN[C@H]1CCc2nc(N)sc2C1.Cl.Cl.O
D00560,O=c1[nH]c2ccccc2n1C1CCN(CCCC(c2ccc(F)cc2)c2ccc(F)cc2)CC1
D00561,O=C1NCCN1CCN1CCC(c2cn(-c3ccc(F)cc3)c3ccc(Cl)cc23)CC1
D00562,CCCc1cc(=O)[nH]c(=S)[nH]1
D00563,CN1CCN2c3ncccc3Cc3ccccc3C2C1
D00564,CC(=O)CC(c1ccccc1)c1c([O-])c2ccccc2oc1=O.[Na+]
D00565,CC(C)OC(=O)C(C)(C)Oc1ccc(C(=O)c2ccc(Cl)cc2)cc1
D00566,O=C([O-])c1ccccc1O.[Na+]
D00567,Cc1ccc(-c2cc(C(F)(F)F)nn2-c2ccc(S(N)(=O)=O)cc2)cc1
D00568,CS(=O)(=O)c1ccc(C2=C(c3ccccc3)C(=O)OC2)cc1
D00569,CCOc1ccc(NC(C)=O)cc1
D00570,COc1cc2c(c(OC)c1OC)-c1ccc(OC)c(=O)cc1[C@@H](NC(C)=O)CC2
D00571,O=C([O-])CN(CCN(CC(=O)[O-])CC(=O)[O-])CC(=O)[O-].[Ca+2].[Na+].[Na+]
D00572,O=C(O)[C@@H](S)[C@@H](S)C(=O)O
D00573,CC(=O)O.CC(C)C[C@H](NC(=O)[C@@H](COC(C)(C)C)NC(=O)[C@H](Cc1ccc(O)cc1)NC(=O)[C@H](CO)NC(=O)[C@H](Cc1c[nH]c2ccccc12)NC(=O)[C@H](Cc1c[nH]cn1)NC(=O)[C@@H]1CCC(=O)N1)C(=O)N[C@@H](CCCNC(=N)N)C(=O)N1CCC[C@H]1C(=O)NNC(N)=O
D00574,CCC1(c2ccc(N)cc2)CCC(=O)NC1=O
D00575,C#C[C@]1(O)CC[C@H]2[C@@H]3CCc4cc(OC)ccc4[C@H]3CC[C@@]21C
D00576,C#C[C@]1(O)CC[C@H]2[C@@H]3CCc4cc(OC5CCCC5)ccc4[C@H]3CC[C@@]21C
D00577,CC/C(=C(/CC)c1ccc(O)cc1)c1ccc(O)cc1
D00578,C[C@@H](c1ncncc1F)[C@](O)(Cn1cncn1)c1ccc(F)cc1F
D00579,O=C([O-])P(=O)([O-])[O-].[Na+].[Na+].[Na+]
D00580,COc1ncnc(NS(=O)(=O)c2ccc(N)cc2)c1OC
D00581,Oc1c(I)cc(I)c2cccnc12
D00582,O.O.O.O.O.O.O.O.O.O=C(O)[C@@H]1O[Sb](=O)(O[Sb]2(=O)O[C@H]([C@H](O)CO)[C@H](O)[C@H](C(=O)O)O2)O[C@H]([C@H](O)CO)[C@@H]1O.[NaH].[NaH].[NaH]
D00583,S=P(N1CC1)(N1CC1)N1CC1
D00584,O=c1[nH]cc(F)c(=O)[nH]1
D00585,CC#C[C@]1(O)CC[C@H]2[C@@H]3CCC4=CC(=O)CCC4=C3[C@@H](c3ccc(N(C)C)cc3)C[C@@]21C
D00586,CC(C)C(=O)Nc1ccc([N+](=O)[O-])c(C(F)(F)F)c1
D00587,Nc1ccc(S(=O)(=O)Nc2ncccn2)cc1
D00588,C[C@H]1COc2c(N3CCN(C)CC3)c(F)cc3c(=O)c(C(=O)O)cn1c23.C[C@H]1COc2c(N3CCN(C)CC3)c(F)cc3c(=O)c(C(=O)O)cn1c23.O
D00589,COc1c(N2CCNC(C)C2)c(F)cc2c(=O)c(C(=O)O)cn(C3CC3)c12.COc1c(N2CCNC(C)C2)c(F)cc2c(=O)c(C(=O)O)cn(C3CC3)c12.O.O.O
D00590,C[C@@H]1CN(c2c(F)c(N)c3c(=O)c(C(=O)O)cn(C4CC4)c3c2F)C[C@H](C)N1
D00591,CCc1cc(C(N)=S)ccn1
D00592,Nc1ccc(S(=O)(=O)c2ccc(N)cc2)cc1
D00593,CCC1=C(C)CN(C(=O)NCCc2ccc(S(=O)(=O)NC(=O)NC3CCC(C)CC3)cc2)C1=O
D00594,CCOc1cc(CC(=O)N[C@@H](CC(C)C)c2ccccc2N2CCCCC2)ccc1C(=O)O
D00595,CCCCNC(=N)NC(=N)N
D00596,CN(CCOc1ccc(CC2SC(=O)NC2=O)cc1)c1ccccn1.O=C(O)/C=C\C(=O)O
D00597,CCCC(=O)Nc1ccc(OCC(O)CNC(C)C)c(C(C)=O)c1.Cl
D00598,CC(C)NCC(O)COc1ccc(CCOCC2CC2)cc1.Cl
D00599,CC(C)(C)NCC(O)COc1cccc2c1CCC(=O)N2.Cl
D00600,CC(CCc1ccccc1)NCC(O)c1ccc(O)c(C(N)=O)c1.Cl
D00601,COCCc1ccc(OCC(O)CNC(C)C)cc1.COCCc1ccc(OCC(O)CNC(C)C)cc1.O=C(O)[C@H](O)[C@@H](O)C(=O)O
D00602,CC(C)(C)NC[C@H](O)COc1ccccc1C1CCCC1.CC(C)(C)NC[C@H](O)COc1ccccc1C1CCCC1.O=S(=O)(O)O
D00603,CC(C)(C)NC[C@H](O)COc1nsnc1N1CCOCC1.O=C(O)/C=C\C(=O)O
D00604,Cl.Clc1cccc(Cl)c1N=C1NCCN1
D00605,CC(=O)O.N=C(N)N/N=C/c1c(Cl)cccc1Cl
D00606,Cl.N=C(N)NC(=O)Cc1c(Cl)cccc1Cl
D00607,N=C(N)NCC1COC2(CCCCC2)O1.N=C(N)NCC1COC2(CCCCC2)O1.O=S(=O)(O)O
D00608,COc1cc2nc(N3CCN(C(=O)C4COc5ccccc5O4)CC3)nc(N)c2cc1OC.CS(=O)(=O)O
D00609,COc1cc2nc(N3CCN(C(=O)c4ccco4)CC3)nc(N)c2cc1OC.Cl
D00610,COc1cc2nc(N3CCN(C(=O)C4CCCO4)CC3)nc(N)c2cc1OC.Cl.O.O
D00611,CNC1(C)C2CCC(C2)C1(C)C.Cl
D00612,CC1(C)C2CCC1(CS(=O)(=O)[O-])C(=O)C2.O=C1N(Cc2ccccc2)C2C[S+]3CCCC3C2N1Cc1ccccc1
D00613,CS(=O)(=O)O.Oc1ccc(C2CNCCc3c2cc(O)c(O)c3Cl)cc1
D00614,N#C[Fe-2](C#N)(C#N)(C#N)(C#N)N=O.O.O.[Na+].[Na+]
D00615,CCOC(=O)C1=C(COCCN)NC(C)=C(C(=O)OC)C1c1ccccc1Cl.O=S(=O)(O)c1ccccc1
D00616,COc1ccc([C@@H]2Sc3ccccc3N(CCN(C)C)C(=O)[C@@H]2OC(C)=O)cc1.Cl
D00617,COC(=O)C1=C(C)NC(C)=C(C(=O)OCCN(C)Cc2ccccc2)C1c1cccc([N+](=O)[O-])c1.Cl
D00618,COC(=O)C1=C(C)NC(C)=C(C(=O)OCC(C)C)C1c1ccccc1[N+](=O)[O-]
D00619,COc1ccc(CCN(C)CCCC(C#N)(c2ccc(OC)c(OC)c2)C(C)C)cc1OC.Cl
D00620,CCOC(=O)[C@H](CCc1ccccc1)N[C@H]1CCc2ccccc2N(CC(=O)O)C1=O.Cl
D00621,CCOC(=O)[C@H](CCc1ccccc1)N[C@@H](C)C(=O)N1CCC[C@H]1C(=O)O.O=C(O)/C=C\C(=O)O
D00622,CCC(=O)O[C@@H](OP(=O)(CCCCc1ccccc1)CC(=O)N1C[C@H](C2CCCCC2)C[C@H]1C(=O)[O-])C(C)C.[Na+]
D00623,CCOC(=O)[C@H](CCc1ccccc1)N[C@@H](C)C(=O)N1Cc2cc(OC)c(OC)cc2C[C@H]1C(=O)O.Cl
D00624,CC(C)(C)N.CCC[C@H](N[C@@H](C)C(=O)N1[C@H](C(=O)O)C[C@@H]2CCCC[C@@H]21)C(=O)OCC
D00625,OCCN1C[C@H](O)[C@@H](O)[C@H](O)[C@H]1CO
D00626,CCOc1nc2cccc(C(=O)OC(C)OC(=O)OC3CCCCC3)c2n1Cc1ccc(-c2ccccc2-c2nnn[nH]2)cc1
D00627,CCCc1nc2c(C)cc(-c3nc4ccccc4n3C)cc2n1Cc1ccc(-c2ccccc2C(=O)O)cc1
D00628,C=C1CC[C@H](O)C/C1=C/C=C1\CCC[C@]2(C)[C@@H]([C@H](C)CC[C@@H](O)C(C)(C)O)CC[C@@H]12
D00629,CCOC(=O)C1=C(C)NC(C)=C(C(=O)OC)C1c1cccc([N+](=O)[O-])c1
D00630,O=[N+]([O-])O[C@@H]1CO[C@H]2[C@@H]1OC[C@@H]2O
D00631,CC(C)COCC(CN(Cc1ccccc1)c1ccccc1)N1CCCC1.Cl.O
D00632,CC(CCc1ccc(O)cc1)NCCc1ccc(O)c(O)c1.Cl
D00633,Cl.NCCc1ccc(O)c(O)c1
D00634,CC(C)NCC(O)COc1ccc(COCCOC(C)C)cc1.CC(C)NCC(O)COc1ccc(COCCOC(C)C)cc1.O=C(O)/C=C/C(=O)O
D00635,COCCc1ccc(OCC(O)CNC(C)C)cc1.COCCc1ccc(OCC(O)CNC(C)C)cc1.O=C(O)CCC(=O)O
D00636,CCCCc1oc2ccccc2c1C(=O)c1cc(I)c(OCCN(CC)CC)c(I)c1.Cl
D00637,CC(C)N(CCC(C(N)=O)(c1ccccc1)c1ccccn1)C(C)C.O=P(O)(O)O
D00638,CC(=O)O.O=C(NCC1CCCCN1)c1cc(OCC(F)(F)F)ccc1OCC(F)(F)F
D00639,Cc1cccc(C)c1OCC(C)N.Cl
D00640,CCCNCC(O)COc1ccccc1C(=O)CCc1ccccc1.Cl
D00641,O=C(Oc1ccc2c(c1)CCCN2C(=O)C(Cl)Cl)c1ccco1
D00642,C=C[C@H]1CN2CCC1C[C@@H]2[C@@H](O)c1ccnc2ccc(OC)cc12.O=C(O)[C@H](O)[C@@H](O)[C@H](O)[C@H](O)CO
D00643,C=C[C@H]1CN2CCC1C[C@@H]2[C@@H](O)c1ccnc2ccc(OC)cc12.O=C[C@H](O)[C@@H](O)[C@@H](O)[C@H](O)C(=O)O
D00644,COC(=O)CCc1ccc(OCC(O)CNC(C)C)cc1.Cl
D00645,CC[N+](C)(C)Cc1ccccc1Br.Cc1ccc(S(=O)(=O)[O-])cc1
D00646,Cc1ccc(O)c([C@H](CCN(C(C)C)C(C)C)c2ccccc2)c1
D00647,CN(CCOc1ccc(NS(C)(=O)=O)cc1)CCc1ccc(NS(C)(=O)=O)cc1
D00648,CCCCCCCN(CC)CCCC(O)c1ccc(NS(C)(=O)=O)cc1.CCCCCCCN(CC)CCCC(O)c1ccc(NS(C)(=O)=O)cc1.O=C(O)/C=C/C(=O)O
D00649,Cl.N=C(N)NC(=O)c1nc(Cl)c(N)nc1N.O.O
D00650,NS(=O)(=O)c1cc2c(cc1C(F)(F)F)NC(Cc1ccccc1)NS2(=O)=O
D00651,NS(=O)(=O)c1cc2c(cc1Cl)N=C(CSCc1ccccc1)NS2(=O)=O
D00652,CCN[C@H]1CN(CCCOC)S(=O)(=O)c2sc(S(N)(=O)=O)cc21
D00653,CCN[C@H]1C[C@H](C)S(=O)(=O)c2sc(S(N)(=O)=O)cc21.Cl
D00654,NS(=O)(=O)c1cc2c(cc1C(F)(F)F)NCNS2(=O)=O
D00655,CC(=O)/N=c1/sc(S(N)(=O)=O)nn1C
D00656,CN1C(CCl)Nc2cc(Cl)c(S(N)(=O)=O)cc2S1(=O)=O
D00657,CN1C(CSCC(F)(F)F)Nc2cc(Cl)c(S(N)(=O)=O)cc2S1(=O)=O
D00658,NS(=O)(=O)c1cc2c(cc1Cl)NC(C(Cl)Cl)NS2(=O)=O
D00659,CN1CCCC(n2nc(Cc3ccc(Cl)cc3)c3ccccc3c2=O)CC1.Cl
D00660,C[C@]1(Cn2ccnn2)[C@H](C(=O)O)N2C(=O)C[C@H]2S1(=O)=O
D00661,C[C@@H]1O[C@@]2(CS1)CN1CCC2CC1.C[C@@H]1O[C@@]2(CS1)CN1CCC2CC1.Cl.Cl.O
D00662,CN1CCC(=C2c3ccccc3CCc3cccnc32)CC1.O=C(O)/C=C\C(=O)O.O=C(O)/C=C\C(=O)O
D00663,CN(C)CCC(c1ccc(Br)cc1)c1ccccn1.O=C(O)/C=C\C(=O)O
D00664,Cl.Cl.O=C(O)COCCN1CCN(C(c2ccccc2)c2ccc(Cl)cc2)CC1
D00665,CN(C)CCC(c1ccc(Cl)cc1)c1ccccn1.O=C(O)/C=C\C(=O)O
D00666,CN1CCC[C@@H]1CCOC(C)(c1ccccc1)c1ccc(Cl)cc1.O=C(O)/C=C/C(=O)O
D00667,CN(CCCCCCCCCCN(C)C(=O)Oc1cccc([N+](C)(C)C)c1)C(=O)Oc1cccc([N+](C)(C)C)c1.[Br-].[Br-]
D00668,CN(C)CC[C@@H](c1ccc(Cl)cc1)c1ccccn1.O=C(O)/C=C\C(=O)O
D00669,CN(C)CCOC(c1ccccc1)c1ccccc1.Cl
D00670,COc1cc2c(cc1OC)C(=O)C(CC1CCN(Cc3ccccc3)CC1)C2.Cl
D00671,CC(C)(C(=O)O)c1ccc(C(O)CCCN2CCC(C(O)(c3ccccc3)c3ccccc3)CC2)cc1.Cl
D00672,Cl.Cl.OCCOCCN1CCN(C(c2ccccc2)c2ccc(Cl)cc2)CC1
D00673,CN/C(=C\[N+](=O)[O-])NCCSCc1ccc(CN(C)C)o1.Cl
D00674,CNS(=O)(=O)CCc1ccc2[nH]cc(C3CCN(C)CC3)c2c1.Cl
D00675,CN(C)CCc1c[nH]c2ccc(Cn3cncn3)cc12.O=C(O)c1ccccc1
D00676,CNS(=O)(=O)Cc1ccc2[nH]cc(CCN(C)C)c2c1.O=C(O)CCC(=O)O
D00677,CN1[C@@H]2CCC[C@H]1CC(NC(=O)c1nn(C)c3ccccc13)C2.Cl
D00678,Cc1nccn1CC1CCc2c(c3ccccc3n2C)C1=O.Cl.O.O
D00679,CN1C[C@H](C(=O)N[C@]2(C)O[C@@]3(O)C4CCCN4C(=O)[C@H](Cc4ccccc4)N3C2=O)C=C2c3cccc4[nH]cc(c34)CC21.CN1C[C@H](C(=O)N[C@]2(C)O[C@@]3(O)C4CCCN4C(=O)[C@H](Cc4ccccc4)N3C2=O)C=C2c3cccc4[nH]cc(c34)CC21.O=C(O)[C@H](O)[C@@H](O)C(=O)O
D00680,CC[C@@H](CO)NC(=O)[C@@H]1C=C2c3cccc4[nH]cc(c34)C[C@H]2N(C)C1.O=C(O)/C=C\C(=O)O
D00681,CC[C@@H](CO)NC(=O)[C@@H]1C=C2c3cccc4c3c(cn4C)C[C@H]2N(C)C1.O=C(O)/C=C\C(=O)O
D00682,CCCCC[C@](C)(O)/C=C/[C@@H]1[C@@H](C/C=C\CCCC(=O)O)[C@@H](O)C[C@H]1O.NC(CO)(CO)CO
D00683,CC(C)(C)NCC(O)c1ccc(O)c(CO)c1.CC(C)(C)NCC(O)c1ccc(O)c(CO)c1.O=S(=O)(O)O
D00684,CS(=O)(=O)O.Cc1ccc(C(=O)Oc2ccc(C(O)CNC(C)(C)C)cc2OC(=O)c2ccc(C)cc2)cc1
D00685,CC(C)NCC(O)c1cc(O)cc(O)c1.CC(C)NCC(O)c1cc(O)cc(O)c1.O=S(=O)(O)O
D00686,CC(=O)O.CC(C)(C)NCC(O)c1ccc(O)c(CO)n1
D00687,O=C(O)c1ccc2ccccc2c1O.OCc1cc(C(O)CNCCCCCCOCCCCc2ccccc2)ccc1O
D00688,CC(C)(C)NCC(O)c1cc(O)cc(O)c1.CC(C)(C)NCC(O)c1cc(O)cc(O)c1.O=S(=O)(O)O
D00689,CCC(=O)OCC(=O)[C@@]1(OC(=O)CC)[C@@H](C)C[C@H]2[C@@H]3CCC4=CC(=O)C=C[C@]4(C)[C@@]3(Cl)[C@@H](O)C[C@@]21C
D00690,C[C@@H]1C[C@H]2[C@@H]3CCC4=CC(=O)C=C[C@]4(C)[C@@]3(Cl)[C@@H](O)C[C@]2(C)[C@@]1(OC(=O)c1ccco1)C(=O)CCl
D00691,Cn1c(=O)c2c(ncn2CC(O)CO)n(C)c1=O
D00693,CNC1=Nc2ccc(Cl)cc2C(c2ccccc2)=[N+]([O-])C1.Cl
D00694,O=C([O-])C1N=C(c2ccccc2)c2cc(Cl)ccc2NC1=O.O[K].[K+]
D00700,CCC1(c2ccccc2)C(=O)NC(=O)N(C)C1=O
D00701,CCC1(c2ccccc2)C(=O)N=C([O-])NC1=O.[Na+]
D00702,Cl.O=C1CC2(CCCC2)CC(=O)N1CCCCN1CCN(c2ncccn2)CC1
D00703,C#CC1(OC(N)=O)CCCCC1
D00704,C#CC(O)(/C=C/Cl)CC
D00705,CC1OC(C)OC(C)O1
D00706,Cc1ccc(-c2nc3ccc(C)cn3c2CC(=O)N(C)C)cc1.Cc1ccc(-c2nc3ccc(C)cn3c2CC(=O)N(C)C)cc1.O=C(O)[C@H](O)[C@@H](O)C(=O)O
D00707,Cc1cn[nH]c1
D00708,CCN1C(=O)NC(c2ccccc2)C1=O
D00709,CC[C@@H](C(N)=O)N1CCCC1=O
D00710,CCCC(CCC)C(=O)[O-].[Na+]
D00711,CNC1(c2ccccc2Cl)CCCCC1=O.Cl
D00712,C=CCC1(C(C)C#CCC)C(=O)N=C([O-])N(C)C1=O.[Na+]
D00713,C=CCC1(C(C)CCC)C(=O)N=C([S-])NC1=O.[Na+]
D00714,CCCC(C)C1(CC)C(=O)N=C([S-])NC1=O.[Na+]
D00715,C[N+]1(C)[C@H]2CC(OC(=O)[C@H](CO)c3ccccc3)C[C@H]1C1OC12.[Br-]
D00716,C[N+]12CCC(CC1)C(OC(=O)C(O)(c1ccccc1)c1ccccc1)C2.[Br-]
D00717,CCN(CC)CCOC(=O)C1(C2CCCCC2)CCCCC1.Cl
D00718,Cc1c(-c2ccccc2)oc2c(C(=O)OCCN3CCCCC3)cccc2c1=O.Cl
D00719,CN1[C@@H]2CC[C@H]1C[C@@H](OC(=O)[C@H](CO)c1ccccc1)C2.CN1[C@@H]2CC[C@H]1C[C@@H](OC(=O)[C@H](CO)c1ccccc1)C2.O.O.O=S(=O)(O)O
D00720,C[N+]1(C)CCCC(OC(=O)C(O)(c2ccccc2)c2ccccc2)C1.[Br-]
D00721,CC[N+](C)(CC)CCOC(=O)C1c2ccccc2Oc2ccccc21.[Br-]
D00722,CCN(CC)CC#CCOC(=O)C(O)(c1ccccc1)C1CCCCC1.Cl
D00723,CC[N+](CC)(CC)CCC(O)(c1ccccc1)C1CCCCC1.[Cl-]
D00724,COCCCOc1ccnc(CS(=O)c2nc3ccccc3[n-]2)c1C.[Na+]
D00725,CS(=O)(=O)O.O=C(OC1CC2CC3CC(C1)N2CC3=O)c1c[nH]c2ccccc12
D00726,CCN(CC)CCNC(=O)c1cc(Cl)c(N)cc1OC
D00727,O=C([O-])c1cc(/N=N/c2ccc(O)c(C(=O)[O-])c2)ccc1O.[Na+].[Na+]
D00728,O=C1O[Bi](O)Oc2ccccc21
D00729,CN(C)C(=O)C(CCN1CCC(O)(c2ccc(Cl)cc2)CC1)(c1ccccc1)c1ccccc1.Cl
D00730,CCCCOC(=O)c1ccc(N)cc1
D00731,O[Mg]O
D00732,CCN(CC)CCOC(=O)c1ccc(N)cc1Cl.Cl
D00733,CCCCOc1cc(C(=O)NCCN(CC)CC)c2ccccc2n1
D00734,C[C@H](CCC(=O)O)[C@H]1CC[C@H]2[C@@H]3[C@@H](O)C[C@@H]4C[C@H](O)CC[C@]4(C)[C@H]3CC[C@]12C
D00735,CCCCOc1ccc(C(=O)CCN2CCCCC2)cc1.Cl
D00736,Cl.Cl.NCCNCCNCCN
D00737,CCCN(CC)C(CC)C(=O)Nc1c(C)cccc1C.Cl
D00738,Cc1cccc(C)c1NC(=O)C1CCCCN1C.Cl
D00739,CCCCOc1ccc(OCCCN2CCOCC2)cc1.Cl
D00740,CCN(CC)CCOC(=O)c1ccc(N)cc1.Cl
D00741,CCCCNc1ccc(C(=O)OCCN(C)C)cc1.Cl
D00742,C[C@@H](OC(=O)c1ccc(-c2ccc(Cl)cc2)s1)C(N)=O
D00743,Cl.c1ccc2c(CC3=NCCN3)cccc2c1
D00744,NC1=NC(=O)C(c2ccccc2)O1
D00745,O=C(CSc1c(Cl)cccc1Cl)N[C@H]1CCS(=O)(=O)C1
D00746,C[C@H](C#N)OC(=O)c1ccc(-c2ccc(Cl)cc2)s1
D00747,CCOC(=O)Cc1csc(NC(=O)CSc2c(Cl)cccc2Cl)n1
D00748,CCCNC(=O)NC(=O)COC(=O)c1ccc(-c2ccc(Cl)cc2)s1
D00749,Cc1oncc1C(=O)Nc1ccc(C(F)(F)F)cc1
D00750,Cl.c1ccc([C@H]2CN3CCSC3=N2)cc1
D00751,C[C@H]1C[C@@H]2[C@H]([C@@H](O)C[C@@]3(C)[C@H]2CC[C@]3(O)C(=O)COC(=O)CCC(=O)[O-])[C@@]2(C)C=CC(=O)C=C12.[Na+]
D00752,COc1c(C)c2c(c(O)c1C/C=C(\C)CCC(=O)OCCN1CCOCC1)C(=O)OC2
D00753,CO[C@H]1CC2CC[C@@H](C)[C@@](O)(O2)C(=O)C(=O)N2CCCC[C@H]2C(=O)O[C@H]([C@H](C)C[C@@H]2CC[C@@H](O)[C@H](OC)C2)CC(=O)[C@H](C)/C=C(\C)[C@@H](O)[C@@H](OC)C(=O)[C@H](C)C[C@H](C)/C=C/C=C/C=C/1C
D00754,O=C1CCC(N2C(=O)c3ccccc3C2=O)C(=O)N1
D00755,Cl.OC(CNc1ccccn1)c1ccccc1
D00756,O=[N+]([O-])O.c1ccc2c(c1)CCCC2C1=NCCN1
D00757,Cc1cc(C(C)(C)C)cc(C)c1CC1=NCCN1.Cl
D00758,COc1ccc(CC2c3cc(OC)c(OC)cc3CC[N+]2(C)CCC(=O)OCCCCCOC(=O)CC[N+]2(C)CCc3cc(OC)c(OC)cc3C2Cc2ccc(OC)c(OC)c2)cc1OC.O=S(=O)([O-])c1ccccc1.O=S(=O)([O-])c1ccccc1
D00759,COc1ccc(C[C@@H]2c3cc(OC)c(OC)cc3CC[N@+]2(C)CCC(=O)OCCCCCOC(=O)CC[N@@+]2(C)CCc3cc(OC)c(OC)cc3[C@H]2Cc2ccc(OC)c(OC)c2)cc1OC.O=S(=O)([O-])c1ccccc1.O=S(=O)([O-])c1ccccc1
D00760,COc1cc(CC2c3c(cc(OC)c(OC)c3OC)CC[N+]2(C)CCCOC(=O)CCC(=O)OCCC[N+]2(C)CCc3cc(OC)c(OC)c(OC)c3C2Cc2cc(OC)c(OC)c(OC)c2)cc(OC)c1OC.[Cl-].[Cl-]
D00761,COc1ccc2cc1Oc1cc3c(cc1OC)CC[N+](C)(C)[C@H]3Cc1ccc(cc1)Oc1c(OC)c(OC)cc3c1[C@@H](C2)[N+](C)(C)CC3.[I-].[I-]
D00762,C[C@](N)(Cc1ccc(O)cc1)C(=O)O
D00763,COc1cc2c(cc1OC)[C@@H](Cc1cc(OC)c(OC)c(OC)c1)[N+](C)(CCCOC(=O)CC/C=C/CCC(=O)OCCC[N+]1(C)CCc3cc(OC)c(OC)cc3[C@H]1Cc1cc(OC)c(OC)c(OC)c1)CC2.[Cl-].[Cl-]
D00764,CC(=O)O[C@H]1C[C@@H]2CC[C@@H]3[C@H](CC[C@@]4(C)[C@H]3C[C@H](N3CC[N+](C)(C)CC3)[C@@H]4OC(C)=O)[C@@]2(C)C[C@@H]1N1CC[N+](C)(C)CC1.[Br-].[Br-]
D00765,C=CC[N+]1([C@H]2C[C@H]3[C@@H]4CC[C@H]5C[C@H](O)[C@@H](N6CCOCC6)C[C@]5(C)[C@H]4CC[C@]3(C)[C@H]2OC(C)=O)CCCC1.[Br-]
D00766,C[N+](C)(C)CCOC(=O)CCC(=O)OCC[N+](C)(C)C.[Cl-].[Cl-]
D00767,CC(=O)O[C@H]1C[C@@H]2CC[C@@H]3[C@H](CC[C@@]4(C)[C@H]3C[C@H]([N+]3(C)CCCCC3)[C@@H]4OC(C)=O)[C@@]2(C)C[C@@H]1N1CCCCC1.[Br-]
D00768,CCCC(C)(COC(N)=O)COC(=O)NC(C)C
D00769,COC(=O)[C@H](c1ccccc1Cl)N1CCc2sccc2C1.O=S(=O)(O)O
D00770,NC(=O)OCC(O)COc1ccc(Cl)cc1
D00771,Oc1nc2cc(Cl)ccc2o1
D00772,CN(C)CCC=C1c2ccccc2C=Cc2ccccc21.Cl
D00773,Cc1cc(C)cc(OCC2CNC(=O)O2)c1
D00774,Cc1ccccc1C(OCCN(C)C)c1ccccc1.O=C(O)CC(O)(CC(=O)O)C(=O)O
D00775,Nc1nc2ccc(OC(F)(F)F)cc2s1
D00776,Cl.Clc1ccc2nsnc2c1NC1=NCCN1
D00777,Cl.NC12CC3CC(CC(C3)C1)C2
D00778,CN1[C@@H]2CC[C@@H]1CC(OC(c1ccccc1)c1ccccc1)C2.CS(=O)(=O)O
D00779,OC(CCN1CCCCC1)(c1ccccc1)C1CC2C=CC1C2
D00780,CC(C)C[C@H]1C(=O)N2CCC[C@H]2[C@]2(O)O[C@](NC(=O)[C@@H]3C=C4c5cccc6[nH]c(Br)c(c56)C[C@H]4N(C)C3)(C(C)C)C(=O)N12.CS(=O)(=O)O
D00781,CCN(CC)C(=O)/C(C#N)=C/c1cc(O)c(O)c([N+](=O)[O-])c1
D00782,Cl.OC(CCN1CCCC1)(c1ccccc1)C1CCCCC1
D00783,C[C@H](Sc1c(Cl)cccc1Cl)C(=O)Nc1ccc(S(N)(=O)=O)cc1
D00784,CCCN(CCC)CCc1cccc2c1CC(=O)N2.Cl
D00785,C#CCN(C)[C@H](C)Cc1ccccc1.Cl
D00786,Cc1ccc(C(=O)c2cc(O)c(O)c([N+](=O)[O-])c2)cc1
D00787,Cl.OC(CCN1CCCCC1)(c1ccccc1)C1CCCCC1
D00788,CC(=O)c1ccc2c(c1)N(CCCN1CCN(CCO)CC1)c1ccccc1S2.O=C(O)/C=C\C(=O)O.O=C(O)/C=C\C(=O)O
D00789,CN(C)CCCN1c2ccccc2Sc2ccc(Cl)cc21.Cl
D00790,CN(C)CC/C=C1/c2ccccc2Sc2ccc(Cl)cc21
D00791,Cl.Cl.OCCN1CCN(CCCN2c3ccccc3Sc3ccc(C(F)(F)F)cc32)CC1
D00792,CCCCCCC(=O)OCCN1CCN(CCCN2c3ccccc3Sc3ccc(C(F)(F)F)cc32)CC1
D00793,CCCCCCCCCC(=O)OCCN1CCN(CCCN2c3ccccc3Sc3ccc(C(F)(F)F)cc32)CC1
D00794,CN1CCN(C2=Nc3ccccc3Oc3ccc(Cl)cc32)CC1.O=C(O)CCC(=O)O
D00795,CN1CCCCC1CCN1c2ccccc2Sc2ccc(S(C)=O)cc21.O=S(=O)(O)c1ccccc1
D00796,CCc1c(C)[nH]c2c1C(=O)C(CN1CCOCC1)CC2.Cl
D00797,CN(C)CCCN1c2ccccc2Sc2ccccc21.Cl
D00798,CSc1ccc2c(c1)N(CCC1CCCCN1C)c1ccccc1S2.Cl
D00799,CN1CCN(CCCN2c3ccccc3Sc3ccc(C(F)(F)F)cc32)CC1.Cl.Cl
D00800,CN(C)CCCN1c2ccccc2Sc2ccc(C(F)(F)F)cc21.Cl
D00801,O=C([O-])[O-].[Li+].[Li+]
D00802,Oc1c(Cl)cc(Cl)cc1Sc1cc(Cl)cc(Cl)c1O
D00803,CCN(CC)C(=O)N1CCN(C)CC1.O=C(O)CC(O)(CC(=O)O)C(=O)O
D00804,*C[C@H](C)[C@H]1O[C@]2(CC[C@@H]1C)C[C@@H]1C[C@@H](C/C=C(\C)[C@@H](O[C@H]3C[C@H](OC)[C@@H](O[C@H]4C[C@H](OC)[C@@H](O)[C@H](C)O4)[C@H](C)O3)[C@@H](C)/C=C/C=C3\CO[C@@H]4[C@H](O)C(C)=C[C@@H](C(=O)O1)[C@]34O)O2
D00805,COP(=O)(OC)C(O)C(Cl)(Cl)Cl
D00806,CN1CCCN=C1/C=C/c1cccc(O)c1.O=C(O)c1cc2ccccc2c(Cc2c(O)c(C(=O)O)cc3ccccc23)c1O
D00807,C1CNCCN1
D00808,Cc1ccc(C(=O)Nc2ccc(S(=O)(=O)[O-])c3cc(S(=O)(=O)[O-])cc(S(=O)(=O)[O-])c23)cc1NC(=O)c1cccc(NC(=O)Nc2cccc(C(=O)Nc3cc(C(=O)Nc4ccc(S(=O)(=O)[O-])c5cc(S(=O)(=O)[O-])cc(S(=O)(=O)[O-])c45)ccc3C)c2)c1.[Na+].[Na+].[Na+].[Na+].[Na+].[Na+]
D00809,CN(C)CCC=C1c2ccccc2CCc2ccccc21.Cl
D00810,C[N+](C)(C)CCO.O=C([O-])c1ccccc1O
D00811,CN(C)CCCN1c2ccccc2CCc2ccc(Cl)cc21.Cl
D00812,CNCCCN1c2ccccc2CCc2ccccc21.Cl
D00813,NC(CO)(CO)CO.O=C(c1ccccc1)c1ccc2n1CCC2C(=O)O
D00814,CN(C)CC/C=C1\c2ccccc2COc2ccccc21.Cl
D00815,CN(C)CCCN1c2ccccc2CCc2ccccc21.Cl
D00816,CNCCC=C1c2ccccc2CCc2ccccc21.Cl
D00817,CC(NC(C)(C)C)C(=O)c1cccc(Cl)c1.Cl
D00818,CNCCCC12CCC(c3ccccc31)c1ccccc12.Cl
D00819,CCc1nn(CCCN2CCN(c3cccc(Cl)c3)CC2)c(=O)n1CCOc1ccccc1.Cl
D00820,Cl.O=c1n(CCCN2CCN(c3cccc(Cl)c3)CC2)nc2ccccn12
D00821,COc1ccc(C(CN(C)C)C2(O)CCCCC2)cc1.Cl
D00822,Br.CN(C)CCCC1(c2ccc(F)cc2)OCc2cc(C#N)ccc21
D00823,CNCCC(Oc1ccc(C(F)(F)F)cc1)c1ccccc1.Cl
D00824,COCCCC/C(=N\OCCN)c1ccc(C(F)(F)F)cc1.O=C(O)/C=C\C(=O)O
D00825,CN[C@H]1CC[C@@H](c2ccc(Cl)c(Cl)c2)c2ccccc21.Cl
D00826,N[C@@H]1CC1c1ccccc1.N[C@@H]1CC1c1ccccc1.O=S(=O)(O)O
D00827,O.O.O.O.O=C(O[Mg]OC(=O)c1ccccc1O)c1ccccc1O
D00828,CCC1=C(C[C@H]2NCCc3cc(OC)c(OC)cc32)C[C@H]2c3cc(OC)c(OC)cc3CCN2C1
D00829,Cl.NCCCC(N)(C(=O)O)C(F)F.O
D00830,O=C1OCCN1/N=C/c1ccc([N+](=O)[O-])o1
D00831,Cl.O[C@@H](c1cc(C(F)(F)F)nc2c(C(F)(F)F)cccc12)[C@H]1CCCCN1
D00832,Nc1nc(N)nc(Nc2ccc([As]3SCC(CO)S3)cc2)n1
D00833,CC1CS(=O)(=O)CCN1/N=C/c1ccc([N+](=O)[O-])o1
D00834,N=C(N)c1ccc(OCCCCCOc2ccc(C(=N)N)cc2)cc1.O=S(=O)(O)CCO.O=S(=O)(O)CCO
D00835,CCC(=O)N(c1ccccc1)C1(COC)CCN(CCn2nnn(CC)c2=O)CC1.Cl.O
D00836,CO[C@]12CC[C@@]3(C[C@@H]1[C@](C)(O)C(C)(C)C)[C@H]1Cc4ccc(O)c5c4[C@@]3(CCN1CC1CC1)[C@H]2O5.Cl
D00837,O=C(O)[C@H](O)[C@@H](O)C(=O)O.Oc1ccc2c(c1)[C@@]13CCCC[C@@]1(O)[C@@H](C2)N(CC1CCC1)CC3
D00838,C[C@@]12CCCCC[C@@H](Cc3ccc(O)cc31)[C@@H]2N
D00839,CN1CC[C@]23c4c5ccc(O)c4O[C@H]2C(=O)CC[C@H]3[C@H]1C5.Cl
D00840,CC[C@H](OC(C)=O)C(C[C@H](C)N(C)C)(c1ccccc1)c1ccccc1.Cl
D00841,CN1CC[C@]23CCCC[C@H]2[C@H]1Cc1ccc(O)cc13.O.O.O=C(O)[C@H](O)[C@@H](O)C(=O)O
D00842,CN1CC[C@]23c4c5ccc(O)c4O[C@H]2[C@@H](O)C=C[C@H]3[C@H]1C5.CN1CC[C@]23c4c5ccc(O)c4O[C@H]2[C@@H](O)C=C[C@H]3[C@H]1C5.O.O.O.O.O.O=S(=O)(O)O
D00843,Cl.Oc1ccc2c3c1O[C@H]1[C@@H](O)CC[C@@]4(O)[C@@H](C2)N(CC2CCC2)CC[C@]314
D00844,CN1CC[C@]23c4c5ccc(O)c4O[C@H]2C(=O)CC[C@@]3(O)[C@H]1C5.Cl
D00845,CCC(=O)N(c1ccccc1)C1(COC)CCN(CCc2cccs2)CC1.O=C(O)CC(O)(CC(=O)O)C(=O)O
D00846,CC(=O)Nc1ccc(O)cc1.COc1ccc2c3c1O[C@H]1C(=O)CC[C@H]4[C@@H](C2)N(C)CC[C@]314.O=C(O)[C@H](O)[C@@H](O)C(=O)O
D00847,COc1ccc2c3c1O[C@H]1C(=O)CC[C@@]4(O)[C@@H](C2)N(C)CC[C@]314.Cl
D00848,Br.COc1ccc2c(c1)[C@]13CCCC[C@@H]1[C@H](C2)N(C)CC3.O
D00849,C=C1c2cccc(O)c2C(=O)C2=C(O)[C@]3(O)C(=O)C(C(N)=O)=C(O)[C@@H](N(C)C)[C@@H]3[C@@H](O)[C@H]12.Cl
D00850,CN(C)c1ccc(O)c2c1C[C@H]1C[C@H]3[C@H](N(C)C)C(O)=C(C(N)=O)C(=O)[C@@]3(O)C(O)=C1C2=O.Cl
D00851,CCC(=O)O[C@H]1[C@H](O[C@@H]2[C@@H](C)[C@H](O[C@H]3C[C@@](C)(OC)[C@@H](O)[C@H](C)O3)[C@@H](C)C(=O)O[C@H](CC)[C@@](C)(O)[C@H](O)[C@@H](C)C(=O)[C@H](C)C[C@@]2(C)O)O[C@H](C)C[C@@H]1N(C)C.CCCCCCCCCCCCOS(=O)(=O)O
D00852,CC[C@H]1NC(=O)[C@@H](NC(=O)c2ncccc2O)[C@@H](C)OC(=O)[C@H](c2ccccc2)NC(=O)C2CC(=O)C(CS[C@@H]3CN4CCC3CC4)CN2C(=O)[C@H](Cc2ccc(N(C)C)cc2)N(C)C(=O)[C@@H]2CCCN2C1=O
D00853,CCN(CC)CCS(=O)(=O)[C@@H]1CCN2C(=O)c3coc(n3)CC(=O)C[C@H](O)/C=C(C)/C=C/CNC(=O)/C=C/[C@@H](C)[C@@H](C(C)C)OC(=O)[C@H]12
D00854,CCN(CC)CCS(=O)(=O)[C@@H]1CCN2C(=O)c3coc(n3)CC(=O)C[C@H](O)/C=C(C)/C=C/CNC(=O)/C=C/[C@@H](C)[C@@H](C(C)C)OC(=O)C12.CC[C@H]1NC(=O)[C@@H](NC(=O)c2ncccc2O)[C@@H](C)OC(=O)[C@H](c2ccccc2)NC(=O)C2CC(=O)C(CS[C@@H]3CN4CCC3CC4)CN2C(=O)[C@H](Cc2ccc(N(C)C)cc2)N(C)C(=O)[C@@H]2CCCN2C1=O
D00855,C1N2CN3CN1CN(C2)C3.O=C(O)CNC(=O)c1ccccc1
D00856,C1N2CN3CN1CN(C2)C3.O=C(O)C(O)c1ccccc1
D00857,*[N+](C)(C)Cc1ccccc1.[Cl-]
D00858,N=C(NCCCCCCNC(=N)NC(=N)Nc1ccc(Cl)cc1)NC(=N)Nc1ccc(Cl)cc1.O=C(O)[C@H](O)[C@@H](O)[C@H](O)[C@H](O)CO.O=C(O)[C@H](O)[C@@H](O)[C@H](O)[C@H](O)CO
D00859,Oc1c(Cl)cc(Cl)c(Cl)c1Cc1c(O)c(Cl)cc(Cl)c1Cl
D00860,[K]I(I)I
D00861,O=C([O-])c1ccccc1-c1c2cc(Br)c(=O)cc-2oc2c([Hg]O)c([O-])c(Br)cc12.[Na+].[Na+]
D00862,NC(=O)N/N=C/c1ccc([N+](=O)[O-])o1
D00863,*CC(*)N1CCCC1=O.II
D00864,CC[Hg]Sc1ccccc1C(=O)[O-].[Na+]
D00865,NCC[C@H](O)C(=O)N[C@@H]1C[C@H](N)[C@@H](O[C@H]2O[C@H](CN)[C@@H](O)[C@H](O)[C@H]2O)[C@H](O)[C@H]1O[C@H]1O[C@H](CO)[C@@H](O)[C@H](N)[C@H]1O.O=S(=O)(O)O.O=S(=O)(O)O
D00866,NC[C@H]1O[C@H](O[C@H]2[C@H](O)[C@@H](O[C@H]3O[C@H](CO)[C@@H](O)[C@H](N)[C@H]3O)[C@H](N)C[C@@H]2N)[C@H](O)[C@@H](O)[C@@H]1O.O=S(=O)(O)O
D00867,CCN[C@@H]1C[C@H](N)[C@@H](O[C@H]2OC(CN)=CC[C@H]2N)[C@H](O)[C@H]1O[C@H]1OC[C@](C)(O)[C@H](NC)[C@H]1O.CCN[C@@H]1C[C@H](N)[C@@H](O[C@H]2OC(CN)=CC[C@H]2N)[C@H](O)[C@H]1O[C@H]1OC[C@](C)(O)[C@H](NC)[C@H]1O.O=S(=O)(O)O.O=S(=O)(O)O.O=S(=O)(O)O.O=S(=O)(O)O.O=S(=O)(O)O
D00868,NC[C@@H]1O[C@H](O[C@H]2[C@@H](O)[C@H](O[C@@H]3[C@@H](O)[C@H](N)C[C@H](N)[C@H]3O[C@H]3O[C@H](CO)[C@@H](O)[C@H](O)[C@H]3N)O[C@@H]2CO)[C@H](N)[C@@H](O)[C@@H]1O.O=S(=O)(O)O
D00869,CN[C@@H]1[C@H](O)[C@H](NC)[C@H]2O[C@@]3(O)C(=O)C[C@@H](C)O[C@H]3O[C@@H]2[C@H]1O.Cl.Cl.O.O.O.O.O
D00870,Cc1nnc(NS(=O)(=O)c2ccc(N)cc2)s1
D00871,CC(=O)[N-]S(=O)(=O)c1ccc(N)cc1.O.[Na+]
D00872,CCn1nc(C(=O)O)c(=O)c2cc3c(cc21)OCO3
D00873,CCn1cc(C(=O)O)c(=O)c2cc(F)c(N3CCNC(C)C3)c(F)c21.Cl
D00874,COc1c(N2C[C@@H]3CCCN[C@@H]3C2)c(F)cc2c(=O)c(C(=O)O)cn(C3CC3)c12.Cl
D00875,Nc1ccc(C(=O)[O-])c(O)c1.O.O.[Na+]
D00877,N[C@@H]1CONC1=O
D00878,CC[C@@H](CO)NCCN[C@@H](CC)CO.Cl.Cl
D00879,CO[C@H]1/C=C/O[C@@]2(C)Oc3c(C)c(O)c4c(O)c(c(/C=N/N5CCN(C6CCCC6)CC5)c(O)c4c3C2=O)NC(=O)/C(C)=C\C=C\[C@H](C)[C@H](O)[C@@H](C)[C@@H](O)[C@@H](C)[C@H](OC(C)=O)[C@@H]1C
D00880,Clc1ccc(CCC(Cn2ccnc2)Sc2c(Cl)cccc2Cl)cc1.O=[N+]([O-])O
D00886,Clc1ccc(CSC(Cn2ccnc2)c2ccc(Cl)cc2Cl)cc1.O=[N+]([O-])O
D00887,CC(C)c1c(C(=O)Nc2ccccc2)c(-c2ccccc2)c(-c2ccc(F)cc2)n1CC[C@@H](O)C[C@@H](O)CC(=O)[O-].CC(C)c1c(C(=O)Nc2ccccc2)c(-c2ccccc2)c(-c2ccc(F)cc2)n1CC[C@@H](O)C[C@@H](O)CC(=O)[O-].[Ca+2]
D00888,CC(C)N1CCN(c2ccc(OC[C@H]3CO[C@](Cn4cncn4)(c4ccc(Cl)cc4Cl)O3)cc2)CC1
D00889,COCc1c(C(C)C)nc(C(C)C)c(/C=C/[C@@H](O)C[C@@H](O)CC(=O)[O-])c1-c1ccc(F)cc1.[Na+]
D00890,Clc1ccc(C(Cn2ccnc2)OCc2ccsc2Cl)c(Cl)c1
D00891,Nc1nc(NC2CC2)c2ncn([C@H]3C=C[C@@H](CO)C3)c2n1.Nc1nc(NC2CC2)c2ncn([C@H]3C=C[C@@H](CO)C3)c2n1.O=S(=O)(O)O
D00892,CC(C)n1c(/C=C/[C@H](O)C[C@H](O)CC(=O)[O-])c(-c2ccc(F)cc2)c2ccccc21.[Na+]
D00893,CC[C@H](C)C(=O)O[C@H]1C[C@H](O)C=C2C=C[C@H](C)[C@H](CC[C@@H](O)C[C@@H](O)CC(=O)[O-])[C@H]21.[Na+]
D00894,CC(C)CN(C[C@@H](O)[C@H](Cc1ccccc1)NC(=O)O[C@H]1CCOC1)S(=O)(=O)c1ccc(N)cc1
D00895,CC(C)Nc1cccnc1N1CCN(C(=O)c2cc3cc(NS(C)(=O)=O)ccc3[nH]2)CC1.CS(=O)(=O)O
D00896,O=C1Nc2ccc(Cl)cc2[C@@](C#CC2CC2)(C(F)(F)F)O1
D00897,CC(C)(C)NC(=O)[C@@H]1CN(Cc2cccnc2)CCN1C[C@@H](O)C[C@@H](Cc1ccccc1)C(=O)N[C@H]1c2ccccc2C[C@H]1O.O=S(=O)(O)O
D00898,C/C=C(C(=C/C)/c1ccc(O)cc1)\c1ccc(O)cc1
D00899,CS(=O)(=O)O.Cc1c(O)cccc1C(=O)N[C@@H](CSc1ccccc1)[C@H](O)CN1C[C@H]2CCCC[C@H]2C[C@H]1C(=O)NC(C)(C)C
D00900,CCOC(=O)C1=C[C@@H](OC(CC)CC)[C@H](NC(C)=O)[C@@H](N)C1.O=P(O)(O)O
D00901,CC(N)C12CC3CC(CC(C3)C1)C2.Cl
D00902,CC(=O)N[C@H]1[C@H]([C@H](O)[C@H](O)CO)OC(C(=O)O)=C[C@@H]1NC(=N)N
D00903,O=C([O-])Cc1ccccc1Nc1c(Cl)cccc1Cl.[K+]
D00904,O=C([O-])Cc1ccccc1Nc1c(Cl)cccc1Cl.[Na+]
D00905,Cc1nnc(SCC2=C(C(=O)[O-])N3C(=O)[C@@H](NC(=O)Cn4cnnn4)[C@H]3SC2)s1.[Na+]
D00906,CC1=C(C(=O)O)N2C(=O)[C@@H](NC(=O)[C@H](N)c3ccccc3)[C@H]2SC1.O
D00907,CC(=O)OCC1=C(C(=O)[O-])N2C(=O)[C@@H](NC(=O)Cc3cccs3)[C@H]2SC1.[Na+]
D00908,CC(=O)OCC1=C(C(=O)[O-])N2C(=O)[C@@H](NC(=O)CSc3ccncc3)[C@H]2SC1.[Na+]
D00909,Cn1nnnc1SCC1=C(C(=O)[O-])N2C(=O)[C@@H](NC(=O)[C@H](OC=O)c3ccccc3)[C@H]2SC1.[Na+]
D00910,CO[C@@]1(NC(=O)CSCC#N)C(=O)N2C(C(=O)O)=C(CSc3nnnn3C)CS[C@@H]21
D00911,CO[C@@]1(NC(=O)CSCC#N)C(=O)N2C(C(=O)[O-])=C(CSc3nnnn3C)CS[C@@H]21.[Na+]
D00912,O=C([O-])C1=C(CSc2nnnn2CS(=O)(=O)[O-])CS[C@@H]2[C@H](NC(=O)[C@H](O)c3ccccc3)C(=O)N12.[Na+].[Na+]
D00913,CO[C@@]1(NC(=O)Cc2cccs2)C(=O)N2C(C(=O)[O-])=C(COC(N)=O)CS[C@@H]21.[Na+]
D00914,CO/N=C(\C(=O)N[C@@H]1C(=O)N2C(C(=O)OC(C)OC(C)=O)=C(COC(N)=O)CS[C@H]12)c1ccco1
D00915,CO/N=C(\C(=O)N[C@@H]1C(=O)N2C(C(=O)[O-])=C(COC(N)=O)CS[C@H]12)c1ccco1.[Na+]
D00916,N[C@@H](C(=O)N[C@@H]1C(=O)N2C(C(=O)O)=C(Cl)CC[C@H]12)c1ccccc1.O
D00917,C=CC1=C(C(=O)O)N2C(=O)[C@@H](NC(=O)/C(=N\O)c3csc(N)n3)[C@H]2SC1
D00918,CCN1CCN(C(=O)N[C@@H](C(=O)N[C@@H]2C(=O)N3C(C(=O)[O-])=C(CSc4nnnn4C)CS[C@H]23)c2ccc(O)cc2)C(=O)C1=O.[Na+]
D00919,CO/N=C(\C(=O)N[C@@H]1C(=O)N2C(C(=O)[O-])=C(COC(C)=O)CS[C@H]12)c1csc(N)n1.[Na+]
D00920,COCC1=C(C(=O)OC(C)OC(=O)OC(C)C)N2C(=O)[C@@H](NC(=O)/C(=N\OC)c3csc(N)n3)[C@H]2SC1
D00921,CC(C)(O/N=C(\C(=O)N[C@@H]1C(=O)N2C(C(=O)[O-])=C(C[n+]3ccccc3)CS[C@H]12)c1csc(N)n1)C(=O)O.O.O.O.O.O
D00922,Nc1nc(/C(=C/CC(=O)O)C(=O)N[C@@H]2C(=O)N3C(C(=O)O)=CCS[C@H]23)cs1
D00923,CO/N=C(\C(=O)N[C@@H]1C(=O)N2C(C(=O)[O-])=CCS[C@H]12)c1csc(N)n1.[Na+]
D00924,CO/N=C(\C(=O)N[C@@H]1C(=O)N2C(C(=O)[O-])=C(CSc3nc(=O)c(=O)[n-]n3C)CS[C@H]12)c1csc(N)n1.CO/N=C(\C(=O)N[C@@H]1C(=O)N2C(C(=O)[O-])=C(CSc3nc(=O)c(=O)[n-]n3C)CS[C@H]12)c1csc(N)n1.O.O.O.O.O.O.O.[Na+].[Na+].[Na+].[Na+]
D00925,C[C@@H]1O[C@@H]1P(=O)(O)O.NC(CO)(CO)CO
D00926,CN[C@H](CC(C)C)C(=O)NC1C(=O)N[C@@H](CC(N)=O)C(=O)N[C@H]2C(=O)N[C@H]3C(=O)N[C@H](C(=O)N[C@H](C(=O)O)c4cc(O)cc(O)c4-c4cc3ccc4O)[C@H](O)c3ccc(c(Cl)c3)Oc3cc2cc(c3O[C@@H]2O[C@H](CO)[C@@H](O)[C@H](O)[C@H]2O[C@H]2C[C@](C)(N)[C@H](O)[C@H](C)O2)Oc2ccc(cc2Cl)[C@H]1O.Cl
D00927,CCOC(=O)OC(C)OC(=O)[C@@H]1N2C(=O)[C@@H](NC(=O)[C@H](N)c3ccccc3)[C@H]2SC1(C)C.Cl
D00928,CCOc1ccc2ccccc2c1C(=O)N[C@@H]1C(=O)N2[C@@H]1SC(C)(C)[C@@H]2C(=O)[O-].O.[Na+]
D00929,Cc1onc(-c2ccccc2)c1C(=O)N[C@@H]1C(=O)N2[C@@H]1SC(C)(C)[C@@H]2C(=O)[O-].O.[Na+]
D00930,C[C@H](/C=C/[C@H](C)C(C)(C)O)[C@H]1CC[C@H]2/C(=C/C=C3C[C@@H](O)C[C@H](O)C3)CCC[C@]12C
D00931,CC(=O)[O-].CC(=O)[O-].[Ca+2]
D00932,O=C([O-])[O-].[Ca+2]
D00933,O.O.O.O.O=C([O-])CC(O)(CC(=O)[O-])C(=O)[O-].O=C([O-])CC(O)(CC(=O)[O-])C(=O)[O-].[Ca+2].[Ca+2].[Ca+2]
D00934,O=C([O-])C(O)[C@H](O)[C@@H](O)[C@H](O)[C@H](O)CO.O=C([O-])C(O)[C@H](O)[C@@H](O)[C@H](O)[C@H](O)CO.[Ca+2]
D00935,O=C([O-])[C@H](O)[C@@H](O)[C@H](O)[C@H](O)CO.O=C([O-])[C@H](O)[C@@H](O)[C@H](O)[C@H](O)CO.[Ca+2]
D00936,CC(O)C(=O)[O-].CC(O)C(=O)[O-].O.[Ca+2]
D00937,O.O.O=P([O-])([O-])O.[Ca+2]
D00938,O=P([O-])([O-])[O-].O=P([O-])([O-])[O-].[Ca+2].[Ca+2].[Ca+2]
D00939,NCCCC(O)(P(=O)([O-])O)P(=O)(O)O.O.O.O.[Na+]
D00940,O.O.O.O.O.O.O.O.O.O=[N+]([O-])[O-].O=[N+]([O-])[O-].O=[N+]([O-])[O-].[Ga+3]
D00941,NCCC(O)(P(=O)([O-])O)P(=O)([O-])O.O.O.O.O.O.[Na+].[Na+]
D00942,O=P([O-])(O)C(O)(Cc1cccnc1)P(=O)(O)O.[Na+]
D00943,[F-].[Na+]
D00944,CN(C)C(=N)NC(=N)N.Cl
D00945,CCc1ccc(CCOc2ccc(CC3SC(=O)NC3=O)cc2)nc1.Cl
D00946,CC/C(=C(/CC)c1ccc(OP(=O)(O)O)cc1)c1ccc(OP(=O)(O)O)cc1
D00947,CC(=O)NC[C@H]1CN(c2ccc(N3CCOCC3)c(F)c2)C(=O)O1
D00948,C1CNCCN1.C[C@]12CC[C@@H]3c4ccc(OS(=O)(=O)O)cc4CC[C@H]3[C@@H]1CCC2=O
D00949,CCCCCC(=O)O[C@]1(C(C)=O)CC[C@H]2[C@@H]3CCC4=CC(=O)CC[C@]4(C)[C@H]3CC[C@@]21C
D00950,C#C[C@]1(O)CC[C@H]2[C@@H]3CCC4=CC(=O)CC[C@@H]4[C@H]3CC[C@@]21CC
D00951,CC(=O)O[C@]1(C(C)=O)CC[C@H]2[C@@H]3C[C@H](C)C4=CC(=O)CC[C@]4(C)[C@H]3CC[C@@]21C
D00952,CC(=O)O[C@]1(C(C)=O)CC[C@H]2[C@@H]3C=C(C)C4=CC(=O)CC[C@]4(C)[C@H]3CC[C@@]21C
D00953,C#C[C@]1(OC(C)=O)CC[C@H]2[C@@H]3CCC4=CC(=O)CC[C@@H]4[C@H]3CC[C@@]21C
D00954,C#C[C@]1(O)CC[C@H]2[C@@H]3CCC4=CC(=O)CC[C@@H]4[C@H]3CC[C@@]21CC
D00955,CCCCCCCCCC(=O)O[C@H]1CC[C@H]2[C@@H]3CCC4=CC(=O)CC[C@@H]4[C@H]3CC[C@]12C
D00956,C[C@]12CC[C@H]3[C@@H](CCC4=CC(=O)CC[C@@H]43)[C@@H]1CC[C@@H]2OC(=O)CCc1ccccc1
D00957,C[C@]12CC[C@H]3[C@@H](CCC4=CC(=O)CC[C@@]43C)[C@@H]1CC[C@@H]2OC(=O)CCC1CCCC1
D00958,CCCCCCC(=O)O[C@H]1CC[C@H]2[C@@H]3CCC4=CC(=O)CC[C@]4(C)[C@H]3CC[C@]12C
D00959,CCC(=O)O[C@H]1CC[C@H]2[C@@H]3CCC4=CC(=O)CC[C@]4(C)[C@H]3CC[C@]12C
D00960,CC(C)(C#N)c1cc(Cn2cncn2)cc(C(C)(C)C#N)c1
D00961,CC(O)(CS(=O)(=O)c1ccc(F)cc1)C(=O)Nc1ccc(C#N)c(C(F)(F)F)c1
D00962,CCN(CC)CCOc1ccc(/C(=C(/Cl)c2ccccc2)c2ccccc2)cc1.O=C(O)CC(O)(CC(=O)O)C(=O)O
D00963,C=C1C[C@@H]2[C@H](CC[C@]3(C)C(=O)CC[C@@H]23)[C@@]2(C)C=CC(=O)C=C12
D00964,N#Cc1ccc(C(c2ccc(C#N)cc2)n2cncn2)cc1
D00965,CC1(C)NC(=O)N(c2ccc([N+](=O)[O-])c(C(F)(F)F)c2)C1=O
D00966,CC/C(=C(\c1ccccc1)c1ccc(OCCN(C)C)cc1)c1ccccc1.O=C(O)CC(O)(CC(=O)O)C(=O)O
D00967,CN(C)CCOc1ccc(/C(=C(/CCCl)c2ccccc2)c2ccccc2)cc1.O=C(O)CC(O)(CC(=O)O)C(=O)O
D00968,CC(C(=O)[O-])c1cccc(Oc2ccccc2)c1.CC(C(=O)[O-])c1cccc(Oc2ccccc2)c1.O.O.[Ca+2]
D00969,Cc1cnc(NC(=O)C2=C(O)c3ccccc3S(=O)(=O)N2C)s1
D00970,COc1ccc2cc([C@H](C)C(=O)[O-])ccc2c1.[Na+]
D00971,O=C([O-])c1ccccc1S.[Na+]
D00972,C[C@H]1C[C@H]2[C@@H]3CCC4=CC(=O)C=C[C@]4(C)[C@@]3(F)[C@@H](O)C[C@]2(C)[C@@]1(O)C(=O)COP(=O)([O-])[O-].[Na+].[Na+]
D00973,CC(=O)OCC(=O)[C@@]1(O)CC[C@H]2[C@@H]3CCC4=CC(=O)CC[C@]4(C)[C@H]3C(=O)C[C@@]21C
D00974,c1ccc(C2CN=C3NCCN32)cc1
D00975,C[C@@H]1C[C@H]2[C@@H]3CCC4=CC(=O)C=C[C@]4(C)[C@@]3(F)[C@@H](O)C[C@]2(C)[C@@]1(O)C(=O)COP(=O)([O-])[O-].[Na+].[Na+]
D00976,C[C@]12CCC(=O)C=C1CC[C@@H]1[C@@H]2[C@@H](O)C[C@@]2(C)[C@H]1CC[C@]2(O)C(=O)COC(=O)CCC1CCCC1
D00977,C[C@]12CCC(=O)C=C1CC[C@@H]1[C@@H]2[C@@H](O)C[C@@]2(C)[C@H]1CC[C@]2(O)C(=O)COP(=O)([O-])[O-].[Na+].[Na+]
D00978,C[C@]12CCC(=O)C=C1CC[C@@H]1[C@@H]2[C@@H](O)C[C@@]2(C)[C@H]1CC[C@]2(O)C(=O)COC(=O)CCC(=O)[O-].[Na+]
D00979,CC(=O)OCC(=O)[C@@]1(O)CC[C@H]2[C@@H]3C[C@H](C)C4=CC(=O)C=C[C@]4(C)[C@H]3[C@@H](O)C[C@@]21C
D00980,CC(=O)OCC(=O)[C@@]1(O)CC[C@H]2[C@@H]3CCC4=CC(=O)C=C[C@]4(C)[C@H]3[C@@H](O)C[C@@]21C
D00981,C[C@]12C=CC(=O)C=C1CC[C@@H]1[C@@H]2[C@@H](O)C[C@@]2(C)[C@H]1CC[C@]2(O)C(=O)COP(=O)([O-])[O-].[Na+].[Na+]
D00982,CC(C)(C)CC(=O)OCC(=O)[C@@]1(O)CC[C@H]2[C@@H]3CCC4=CC(=O)C=C[C@]4(C)[C@H]3[C@@H](O)C[C@@]21C
D00983,CC1(C)O[C@@H]2C[C@H]3[C@@H]4CCC5=CC(=O)C=C[C@]5(C)[C@@]4(F)[C@@H](O)C[C@]3(C)[C@]2(C(=O)CO)O1
D00984,CC(=O)OCC(=O)[C@@]1(O)[C@H](OC(C)=O)C[C@H]2[C@@H]3CCC4=CC(=O)C=C[C@]4(C)[C@@]3(F)[C@@H](O)C[C@@]21C
D00985,CC(C)(C)CC(=O)OCC(=O)[C@@]12OC(C)(C)O[C@@H]1C[C@H]1[C@@H]3CCC4=CC(=O)C=C[C@]4(C)[C@@]3(F)[C@@H](O)C[C@@]12C
D00986,CC(=O)OCC(=O)[C@@]1(O)CC[C@H]2[C@@H]3CCC4=CC(=O)CC[C@]4(C)[C@@]3(F)[C@@H](O)C[C@@]21C
D00987,C=CCN1C[C@H](C(=O)N(CCCN(C)C)C(=O)NCC)C[C@@H]2c3cccc4[nH]cc(c34)C[C@H]21
D00988,CC(C)C[C@H](NC(=O)CNC(=O)[C@H](Cc1ccc(O)cc1)NC(=O)[C@H](CO)NC(=O)[C@H](Cc1c[nH]c2ccccc12)NC(=O)[C@H](Cc1cnc[nH]1)NC(=O)[C@@H]1CCC(=O)N1)C(=O)N[C@@H](CCCNC(=N)N)C(=O)N1CCC[C@H]1C(=O)NCC(N)=O.Cl
D00989,CC(=O)O.CCNC(=O)C1CCCN1C(=O)C(CCCNC(=N)N)NC(=O)C(CC(C)C)NC(=O)C(CC(C)C)NC(=O)C(Cc1ccc(O)cc1)NC(=O)C(CO)NC(=O)C(Cc1c[nH]c2ccccc12)NC(=O)C(Cc1cnc[nH]1)NC(=O)C1CCC(=O)N1
D00990,CC(=O)O.CC(C)CC(NC(=O)C(Cc1ccc2ccccc2c1)NC(=O)C(Cc1ccc(O)cc1)NC(=O)C(CO)NC(=O)C(Cc1c[nH]c2ccccc12)NC(=O)C(Cc1c[nH]cn1)NC(=O)C1CCC(=O)N1)C(=O)NC(CCCNC(=N)N)C(=O)N1CCCC1C(=O)NCC(N)=O.O
D00991,OC[C@H]1O[C@H](S[Au])[C@H](O)[C@@H](O)[C@@H]1O
D00992,O=C([O-])CC(S[Au])C(=O)[O-].[H+].[Na+]
D00993,CN(C)CCOC(=O)COc1ccc(Cl)cc1
D00994,CC[N+](C)(C)c1cccc(O)c1.[Cl-]
D00995,CN(C)C(=O)Oc1cccc([N+](C)(C)C)c1.[Br-]
D00996,CNC[C@H](O)c1ccc(O)c(O)c1.Cl
D00997,Cl.c1ccc(CC2=NCCN2)cc1
D00998,CN(C)C(=O)Oc1cccc([N+](C)(C)C)c1.COS(=O)(=O)[O-]
D00999,CC(=O)OCC[N+](C)(C)C.[Cl-]
D01000,CC(C[N+](C)(C)C)OC(N)=O.[Cl-]
D01001,CC[N+](CC)(CCNC(=O)C(=O)NCC[N+](CC)(CC)Cc1ccccc1Cl)Cc1ccccc1Cl.[Cl-].[Cl-]
D01002,CN(C)CCOC(=O)C(c1ccccc1)C1(O)CCCC1.Cl
D01003,COS(=O)(=O)[O-].C[N+]1(C)CCN(CC(O)(c2ccccc2)C2CCCCC2)CC1
D01004,Br.CN1[C@@H]2CC[C@H]1C[C@@H](OC(=O)C(O)c1ccccc1)C2
D01005,CC(C)[N+](C)(CCC(C(N)=O)(c1ccccc1)c1ccccc1)C(C)C.[I-]
D00464,O=C1Nc2ccc(Cl)cc2C(c2ccccc2)=NC1O
D00465,CCN(CC)CC#CCOC(=O)C(O)(c1ccccc1)C1CCCCC1
D00466,CCN1CCN(C(=O)N[C@@H](C(=O)N[C@@H]2C(=O)N3[C@@H]2SC(C)(C)[C@@H]3C(=O)[O-])c2ccccc2)C(=O)C1=O.[Na+]
D00467,O=C(CCBr)N1CCN(C(=O)CCBr)CC1
D00468,CO[C@H](C(=O)[C@@H](O)[C@@H](C)O)[C@@H]1Cc2cc3cc(O[C@H]4C[C@@H](O[C@H]5C[C@@H](O)[C@H](O)[C@@H](C)O5)[C@H](O)[C@@H](C)O4)c(C)c(O)c3c(O)c2C(=O)[C@H]1O[C@H]1C[C@@H](O[C@H]2C[C@@H](O[C@H]3C[C@](C)(O)[C@H](O)[C@@H](C)O3)[C@@H](O)[C@@H](C)O2)[C@H](O)[C@@H](C)O1
D00469,C[n+]1ccccc1/C=N/O.[Cl-]
D00470,O=C1CN=C(c2ccccc2)c2cc(Cl)ccc2N1CC1CC1
D00471,O=C(C1CCCCC1)N1CC(=O)N2CCc3ccccc3C2C1
D00472,C[C@]12C=CC(=O)C=C1CC[C@@H]1[C@@H]2[C@@H](O)C[C@@]2(C)[C@H]1CC[C@]2(O)C(=O)CO
D00473,C[C@]12C=CC(=O)C=C1CC[C@@H]1[C@@H]2C(=O)C[C@@]2(C)[C@H]1CC[C@]2(O)C(=O)CO.O
D00051,C[C@]12CCC(=O)C=C1CC[C@@H]1[C@@H]2CC[C@]2(C)C(=O)CC[C@@H]12
D00052,O=C(O)CN(CCN(CC(=O)O)CC(=O)O)CC(=O)O
D00054,O=c1[nH]cnc2c1ncn2[C@@H]1O[C@H](CO)[C@@H](O)[C@H]1O
D00055,O=C(O)c1cc(=O)[nH]c(=O)[nH]1
D00056,CCc1nc2ccccc2c(C(=O)OCc2cc(C)ccc2C)c1C
D00208,CO[C@@]12[C@H](COC(N)=O)C3=C(C(=O)C(C)=C(N)C3=O)N1C[C@@H]1N[C@@H]12
D00209,COC1=CC(=O)C[C@@H](C)[C@]12Oc1c(Cl)c(OC)cc(OC)c1C2=O
D00210,CCn1cc(C(=O)O)c(=O)c2cc(F)c(N3CCNCC3)cc21
D00211,CO[C@H]1/C=C/O[C@@]2(C)Oc3c(C)c(O)c4c(O)c(c(/C=N/N5CCN(C)CC5)c(O)c4c3C2=O)NC(=O)/C(C)=C\C=C\[C@H](C)[C@H](O)[C@@H](C)[C@@H](O)[C@@H](C)[C@H](OC(C)=O)[C@@H]1C
D00212,CN[C@H](CC(C)C)C(=O)N[C@H]1C(=O)N[C@@H](CC(N)=O)C(=O)N[C@H]2C(=O)N[C@H]3C(=O)N[C@H](C(=O)N[C@H](C(=O)O)c4cc(O)cc(O)c4-c4cc3ccc4O)[C@H](O)c3ccc(c(Cl)c3)Oc3cc2cc(c3O[C@@H]2O[C@H](CO)[C@@H](O)[C@H](O)[C@H]2O[C@H]2C[C@](C)(N)[C@H](O)[C@H](C)O2)Oc2ccc(cc2Cl)[C@H]1O
D00238,Cn1cnc([N+](=O)[O-])c1Sc1ncnc2nc[nH]c12
D00240,C[C@H]1[C@H](NC(=O)/C(=N\OC(C)(C)C(=O)O)c2csc([NH3+])n2)C(=O)N1S(=O)(=O)[O-]
D00241,NCC(CC(=O)O)c1ccc(Cl)cc1
D00242,CCCCNc1ccc(C(=O)OCCOCCOCCOCCOCCOCCOCCOCCOCCOC)cc1
D00243,CCN(CC)C(=O)C1CN2CCc3cc(OC)c(OC)cc3C2CC1OC(C)=O
D00695,CCN(CC)CCN1C(=O)CN=C(c2ccccc2F)c2cc(Cl)ccc21.Cl.Cl
D00696,Cc1ncc2n1-c1ccc(Cl)cc1C(c1ccccc1F)=NC2.Cl
D00697,CCOC(=O)c1ncn2c1CN(C)C(=O)c1cc(F)ccc1-2
D00698,C=CCC1(C(C)C)C(=O)NC(=O)NC1=O
D00699,CCC(C)C1(CC)C(=O)N=C([O-])NC1=O.[Na+]
D00881,Clc1ccc(COC(Cn2ccnc2)c2ccc(Cl)cc2Cl)cc1.O=[N+]([O-])O
D00882,Clc1ccc(COC(Cn2ccnc2)c2ccc(Cl)cc2Cl)c(Cl)c1.O=[N+]([O-])O
D00883,CN(C/C=C/c1ccccc1)Cc1cccc2ccccc12.Cl
D00884,C[C@@H]1C/C=C/C=C/C=C/C=C/[C@H](O[C@H]2O[C@H](C)[C@@H](O)[C@H](N)[C@@H]2O)C[C@@H]2O[C@](O)(C[C@@H](O)C[C@H]3O[C@@H]3/C=C/C(=O)O1)C[C@H](O)[C@H]2C(=O)O
D00885,Clc1ccc(CO/N=C(\Cn2ccnc2)c2ccc(Cl)cc2Cl)c(Cl)c1.O=[N+]([O-])O
